entry,at,order
"""vzzz @ awUuJQ4Xdy"" folds",2025-11-01T06:54:09.702Z,176198004970200
"""单吊幺鸡 @ ida-rexKgt"" posts a big blind of 2",2025-11-01T06:53:39.666Z,176198001966605
"""vzzz @ awUuJQ4Xdy"" posts a small blind of 1",2025-11-01T06:53:39.666Z,176198001966604
"Player stacks: #3 ""单吊幺鸡 @ ida-rexKgt"" (151) | #6 ""vzzz @ awUuJQ4Xdy"" (445)",2025-11-01T06:53:39.666Z,176198001966601
"-- starting hand #45 (id: jblkp7yxiazd)  (No Limit Texas Hold'em) (dealer: ""vzzz @ awUuJQ4Xdy"") --",2025-11-01T06:53:39.666Z,176198001966600
"-- ending hand #44 --",2025-11-01T06:53:36.715Z,176198001671502
"""vzzz @ awUuJQ4Xdy"" collected 2 from pot",2025-11-01T06:53:36.715Z,176198001671501
"Uncalled bet of 1 returned to ""vzzz @ awUuJQ4Xdy""",2025-11-01T06:53:36.715Z,176198001671500
"""单吊幺鸡 @ ida-rexKgt"" folds",2025-11-01T06:53:35.865Z,176198001586500
"""vzzz @ awUuJQ4Xdy"" posts a big blind of 2",2025-11-01T06:53:05.846Z,176197998584605
"""单吊幺鸡 @ ida-rexKgt"" posts a small blind of 1",2025-11-01T06:53:05.846Z,176197998584604
"Player stacks: #3 ""单吊幺鸡 @ ida-rexKgt"" (152) | #6 ""vzzz @ awUuJQ4Xdy"" (444)",2025-11-01T06:53:05.846Z,176197998584601
"-- starting hand #44 (id: agqjrtab3smi)  (No Limit Texas Hold'em) (dealer: ""单吊幺鸡 @ ida-rexKgt"") --",2025-11-01T06:53:05.846Z,176197998584600
"-- ending hand #43 --",2025-11-01T06:53:02.923Z,176197998292302
"""单吊幺鸡 @ ida-rexKgt"" collected 2 from pot",2025-11-01T06:53:02.923Z,176197998292301
"Uncalled bet of 1 returned to ""单吊幺鸡 @ ida-rexKgt""",2025-11-01T06:53:02.923Z,176197998292300
"""vzzz @ awUuJQ4Xdy"" folds",2025-11-01T06:53:02.112Z,176197998211200
"""单吊幺鸡 @ ida-rexKgt"" posts a big blind of 2",2025-11-01T06:52:02.075Z,176197992207505
"""vzzz @ awUuJQ4Xdy"" posts a small blind of 1",2025-11-01T06:52:02.075Z,176197992207504
"Player stacks: #3 ""单吊幺鸡 @ ida-rexKgt"" (151) | #6 ""vzzz @ awUuJQ4Xdy"" (445)",2025-11-01T06:52:02.075Z,176197992207501
"-- starting hand #43 (id: nhddzlfznsb0)  (No Limit Texas Hold'em) (dealer: ""vzzz @ awUuJQ4Xdy"") --",2025-11-01T06:52:02.075Z,176197992207500
"-- ending hand #42 --",2025-11-01T06:51:59.165Z,176197991916502
"""vzzz @ awUuJQ4Xdy"" collected 2 from pot",2025-11-01T06:51:59.165Z,176197991916501
"Uncalled bet of 1 returned to ""vzzz @ awUuJQ4Xdy""",2025-11-01T06:51:59.165Z,176197991916500
"""单吊幺鸡 @ ida-rexKgt"" folds",2025-11-01T06:51:58.252Z,176197991825200
"""vzzz @ awUuJQ4Xdy"" posts a big blind of 2",2025-11-01T06:50:58.247Z,176197985824707
"""单吊幺鸡 @ ida-rexKgt"" posts a small blind of 1",2025-11-01T06:50:58.247Z,176197985824706
"Player stacks: #3 ""单吊幺鸡 @ ida-rexKgt"" (152) | #6 ""vzzz @ awUuJQ4Xdy"" (444)",2025-11-01T06:50:58.247Z,176197985824703
"-- starting hand #42 (id: ktqcqwtj1yuc)  (No Limit Texas Hold'em) (dealer: ""单吊幺鸡 @ ida-rexKgt"") --",2025-11-01T06:50:58.247Z,176197985824702
"The player ""gf110 @ Fe8nqv0ysi"" stand up with the stack of 485.",2025-11-01T06:50:58.247Z,176197985824701
"The player ""黄笃读 @ CbB4xM29dq"" stand up with the stack of 319.",2025-11-01T06:50:58.247Z,176197985824700
"-- ending hand #41 --",2025-11-01T06:50:52.283Z,176197985228302
"""黄笃读 @ CbB4xM29dq"" collected 12 from pot",2025-11-01T06:50:52.283Z,176197985228301
"Uncalled bet of 6 returned to ""黄笃读 @ CbB4xM29dq""",2025-11-01T06:50:52.283Z,176197985228300
"""gf110 @ Fe8nqv0ysi"" folds",2025-11-01T06:50:51.444Z,176197985144400
"""黄笃读 @ CbB4xM29dq"" bets 6",2025-11-01T06:50:49.058Z,176197984905800
"""gf110 @ Fe8nqv0ysi"" checks",2025-11-01T06:50:38.492Z,176197983849200
"Turn: A♥, J♦, 9♠ [3♣]",2025-11-01T06:50:36.318Z,176197983631800
"""单吊幺鸡 @ ida-rexKgt"" folds",2025-11-01T06:50:35.490Z,176197983549000
"""gf110 @ Fe8nqv0ysi"" calls 3",2025-11-01T06:50:27.572Z,176197982757200
"""黄笃读 @ CbB4xM29dq"" bets 3",2025-11-01T06:50:26.395Z,176197982639500
"""单吊幺鸡 @ ida-rexKgt"" checks",2025-11-01T06:50:20.457Z,176197982045700
"""gf110 @ Fe8nqv0ysi"" checks",2025-11-01T06:50:18.504Z,176197981850400
"Flop:  [A♥, J♦, 9♠]",2025-11-01T06:50:16.619Z,176197981661900
"""单吊幺鸡 @ ida-rexKgt"" checks",2025-11-01T06:50:15.813Z,176197981581300
"""gf110 @ Fe8nqv0ysi"" calls 2",2025-11-01T06:50:14.143Z,176197981414300
"""黄笃读 @ CbB4xM29dq"" calls 2",2025-11-01T06:50:11.043Z,176197981104300
"""vzzz @ awUuJQ4Xdy"" folds",2025-11-01T06:50:09.953Z,176197980995300
"""单吊幺鸡 @ ida-rexKgt"" posts a big blind of 2",2025-11-01T06:50:08.135Z,176197980813507
"""gf110 @ Fe8nqv0ysi"" posts a small blind of 1",2025-11-01T06:50:08.135Z,176197980813506
"Player stacks: #1 ""黄笃读 @ CbB4xM29dq"" (312) | #2 ""gf110 @ Fe8nqv0ysi"" (490) | #3 ""单吊幺鸡 @ ida-rexKgt"" (154) | #6 ""vzzz @ awUuJQ4Xdy"" (444)",2025-11-01T06:50:08.135Z,176197980813501
"-- starting hand #41 (id: jnut9x5gwwkh)  (No Limit Texas Hold'em) (dealer: ""黄笃读 @ CbB4xM29dq"") --",2025-11-01T06:50:08.135Z,176197980813500
"-- ending hand #40 --",2025-11-01T06:50:02.226Z,176197980222602
"""黄笃读 @ CbB4xM29dq"" collected 6 from pot",2025-11-01T06:50:02.226Z,176197980222601
"Uncalled bet of 6 returned to ""黄笃读 @ CbB4xM29dq""",2025-11-01T06:50:02.226Z,176197980222600
"""单吊幺鸡 @ ida-rexKgt"" folds",2025-11-01T06:50:01.324Z,176197980132400
"""gf110 @ Fe8nqv0ysi"" folds",2025-11-01T06:49:57.608Z,176197979760800
"""黄笃读 @ CbB4xM29dq"" bets 6",2025-11-01T06:49:55.883Z,176197979588300
"Turn: 2♦, A♣, J♣ [10♥]",2025-11-01T06:49:52.154Z,176197979215400
"""单吊幺鸡 @ ida-rexKgt"" checks",2025-11-01T06:49:51.339Z,176197979133900
"""gf110 @ Fe8nqv0ysi"" checks",2025-11-01T06:49:48.742Z,176197978874200
"""黄笃读 @ CbB4xM29dq"" checks",2025-11-01T06:49:46.380Z,176197978638000
"Flop:  [2♦, A♣, J♣]",2025-11-01T06:49:44.390Z,176197978439000
"""gf110 @ Fe8nqv0ysi"" checks",2025-11-01T06:49:43.578Z,176197978357800
"""黄笃读 @ CbB4xM29dq"" calls 2",2025-11-01T06:49:40.844Z,176197978084400
"""vzzz @ awUuJQ4Xdy"" folds",2025-11-01T06:49:39.629Z,176197977962900
"""单吊幺鸡 @ ida-rexKgt"" calls 2",2025-11-01T06:49:38.489Z,176197977848900
"""gf110 @ Fe8nqv0ysi"" posts a big blind of 2",2025-11-01T06:49:34.842Z,176197977484207
"""黄笃读 @ CbB4xM29dq"" posts a small blind of 1",2025-11-01T06:49:34.842Z,176197977484206
"Player stacks: #1 ""黄笃读 @ CbB4xM29dq"" (308) | #2 ""gf110 @ Fe8nqv0ysi"" (492) | #3 ""单吊幺鸡 @ ida-rexKgt"" (156) | #6 ""vzzz @ awUuJQ4Xdy"" (444)",2025-11-01T06:49:34.842Z,176197977484201
"-- starting hand #40 (id: lgug5sshqilu)  (No Limit Texas Hold'em) (dealer: ""vzzz @ awUuJQ4Xdy"") --",2025-11-01T06:49:34.842Z,176197977484200
"-- ending hand #39 --",2025-11-01T06:49:28.838Z,176197976883803
"""gf110 @ Fe8nqv0ysi"" collected 36 from pot with Two Pair, 9's & 5's (combination: 9♦, 9♥, 5♣, 5♠, 7♠)",2025-11-01T06:49:28.838Z,176197976883802
"""gf110 @ Fe8nqv0ysi"" shows a 5♣, 2♣.",2025-11-01T06:49:28.838Z,176197976883801
"""黄笃读 @ CbB4xM29dq"" shows a 10♦, Q♠.",2025-11-01T06:49:28.838Z,176197976883800
"""vzzz @ awUuJQ4Xdy"" folds",2025-11-01T06:49:27.976Z,176197976797600
"""gf110 @ Fe8nqv0ysi"" calls 6",2025-11-01T06:49:25.223Z,176197976522300
"""黄笃读 @ CbB4xM29dq"" bets 6",2025-11-01T06:49:22.644Z,176197976264400
"""vzzz @ awUuJQ4Xdy"" checks",2025-11-01T06:49:15.964Z,176197975596400
"River: 7♠, 9♦, 9♥, 3♣ [5♠]",2025-11-01T06:49:08.420Z,176197974842000
"""gf110 @ Fe8nqv0ysi"" checks",2025-11-01T06:49:07.605Z,176197974760500
"""黄笃读 @ CbB4xM29dq"" checks",2025-11-01T06:49:06.232Z,176197974623200
"""vzzz @ awUuJQ4Xdy"" checks",2025-11-01T06:49:04.751Z,176197974475100
"Turn: 7♠, 9♦, 9♥ [3♣]",2025-11-01T06:49:01.692Z,176197974169200
"""gf110 @ Fe8nqv0ysi"" checks",2025-11-01T06:49:00.883Z,176197974088300
"""黄笃读 @ CbB4xM29dq"" checks",2025-11-01T06:48:59.021Z,176197973902100
"""vzzz @ awUuJQ4Xdy"" checks",2025-11-01T06:48:57.960Z,176197973796000
"Flop:  [7♠, 9♦, 9♥]",2025-11-01T06:48:52.971Z,176197973297100
"""gf110 @ Fe8nqv0ysi"" calls 8",2025-11-01T06:48:52.123Z,176197973212300
"""黄笃读 @ CbB4xM29dq"" calls 8",2025-11-01T06:48:50.285Z,176197973028500
"""vzzz @ awUuJQ4Xdy"" raises to 8",2025-11-01T06:48:46.454Z,176197972645400
"""单吊幺鸡 @ ida-rexKgt"" folds",2025-11-01T06:48:34.014Z,176197971401400
"""gf110 @ Fe8nqv0ysi"" calls 2",2025-11-01T06:48:32.943Z,176197971294300
"""黄笃读 @ CbB4xM29dq"" posts a big blind of 2",2025-11-01T06:48:31.238Z,176197971123807
"""vzzz @ awUuJQ4Xdy"" posts a small blind of 1",2025-11-01T06:48:31.238Z,176197971123806
"Player stacks: #1 ""黄笃读 @ CbB4xM29dq"" (322) | #2 ""gf110 @ Fe8nqv0ysi"" (470) | #3 ""单吊幺鸡 @ ida-rexKgt"" (156) | #6 ""vzzz @ awUuJQ4Xdy"" (452)",2025-11-01T06:48:31.238Z,176197971123801
"-- starting hand #39 (id: qdkbprzofagb)  (No Limit Texas Hold'em) (dealer: ""单吊幺鸡 @ ida-rexKgt"") --",2025-11-01T06:48:31.238Z,176197971123800
"-- ending hand #38 --",2025-11-01T06:48:28.333Z,176197970833302
"""黄笃读 @ CbB4xM29dq"" collected 16 from pot",2025-11-01T06:48:28.333Z,176197970833301
"Uncalled bet of 16 returned to ""黄笃读 @ CbB4xM29dq""",2025-11-01T06:48:28.333Z,176197970833300
"""单吊幺鸡 @ ida-rexKgt"" folds",2025-11-01T06:48:27.526Z,176197970752600
"""黄笃读 @ CbB4xM29dq"" bets 16",2025-11-01T06:48:25.932Z,176197970593200
"""单吊幺鸡 @ ida-rexKgt"" checks",2025-11-01T06:48:22.345Z,176197970234500
"River: 7♠, 10♠, 3♣, 2♦ [J♣]",2025-11-01T06:48:19.730Z,176197969973000
"""黄笃读 @ CbB4xM29dq"" checks",2025-11-01T06:48:18.896Z,176197969889600
"""单吊幺鸡 @ ida-rexKgt"" checks",2025-11-01T06:48:13.818Z,176197969381800
"Turn: 7♠, 10♠, 3♣ [2♦]",2025-11-01T06:48:10.673Z,176197969067300
"""vzzz @ awUuJQ4Xdy"" folds",2025-11-01T06:48:09.833Z,176197968983300
"""单吊幺鸡 @ ida-rexKgt"" calls 4",2025-11-01T06:48:01.056Z,176197968105600
"""gf110 @ Fe8nqv0ysi"" folds",2025-11-01T06:47:59.109Z,176197967910900
"""黄笃读 @ CbB4xM29dq"" bets 4",2025-11-01T06:47:56.720Z,176197967672000
"""vzzz @ awUuJQ4Xdy"" checks",2025-11-01T06:47:52.730Z,176197967273000
"""单吊幺鸡 @ ida-rexKgt"" checks",2025-11-01T06:47:51.624Z,176197967162400
"Flop:  [7♠, 10♠, 3♣]",2025-11-01T06:47:44.358Z,176197966435800
"""vzzz @ awUuJQ4Xdy"" checks",2025-11-01T06:47:43.530Z,176197966353000
"""单吊幺鸡 @ ida-rexKgt"" calls 2",2025-11-01T06:47:31.537Z,176197965153700
"""gf110 @ Fe8nqv0ysi"" calls 2",2025-11-01T06:47:29.925Z,176197964992500
"""黄笃读 @ CbB4xM29dq"" calls 2",2025-11-01T06:47:24.433Z,176197964443300
"""vzzz @ awUuJQ4Xdy"" posts a big blind of 2",2025-11-01T06:47:21.346Z,176197964134607
"""单吊幺鸡 @ ida-rexKgt"" posts a small blind of 1",2025-11-01T06:47:21.346Z,176197964134606
"Player stacks: #1 ""黄笃读 @ CbB4xM29dq"" (312) | #2 ""gf110 @ Fe8nqv0ysi"" (472) | #3 ""单吊幺鸡 @ ida-rexKgt"" (162) | #6 ""vzzz @ awUuJQ4Xdy"" (454)",2025-11-01T06:47:21.346Z,176197964134601
"-- starting hand #38 (id: jmswveim1wbi)  (No Limit Texas Hold'em) (dealer: ""gf110 @ Fe8nqv0ysi"") --",2025-11-01T06:47:21.346Z,176197964134600
"-- ending hand #37 --",2025-11-01T06:47:18.433Z,176197963843302
"""gf110 @ Fe8nqv0ysi"" collected 38 from pot",2025-11-01T06:47:18.433Z,176197963843301
"Uncalled bet of 19 returned to ""gf110 @ Fe8nqv0ysi""",2025-11-01T06:47:18.433Z,176197963843300
"""单吊幺鸡 @ ida-rexKgt"" folds",2025-11-01T06:47:17.629Z,176197963762900
"""gf110 @ Fe8nqv0ysi"" bets 19",2025-11-01T06:47:15.756Z,176197963575600
"River: 10♥, 10♦, 2♦, 2♥ [3♣]",2025-11-01T06:47:11.395Z,176197963139500
"""单吊幺鸡 @ ida-rexKgt"" checks",2025-11-01T06:47:10.587Z,176197963058700
"""gf110 @ Fe8nqv0ysi"" checks",2025-11-01T06:47:08.788Z,176197962878800
"Turn: 10♥, 10♦, 2♦ [2♥]",2025-11-01T06:47:07.333Z,176197962733300
"""单吊幺鸡 @ ida-rexKgt"" checks",2025-11-01T06:47:06.439Z,176197962643900
"""gf110 @ Fe8nqv0ysi"" checks",2025-11-01T06:47:04.435Z,176197962443500
"Flop:  [10♥, 10♦, 2♦]",2025-11-01T06:47:01.410Z,176197962141000
"""vzzz @ awUuJQ4Xdy"" folds",2025-11-01T06:47:00.541Z,176197962054100
"""单吊幺鸡 @ ida-rexKgt"" calls 16",2025-11-01T06:46:53.676Z,176197961367600
"""gf110 @ Fe8nqv0ysi"" raises to 16",2025-11-01T06:46:49.204Z,176197960920400
"""黄笃读 @ CbB4xM29dq"" folds",2025-11-01T06:46:45.382Z,176197960538200
"""vzzz @ awUuJQ4Xdy"" raises to 6",2025-11-01T06:46:37.833Z,176197959783300
"""单吊幺鸡 @ ida-rexKgt"" posts a big blind of 2",2025-11-01T06:46:34.066Z,176197959406607
"""gf110 @ Fe8nqv0ysi"" posts a small blind of 1",2025-11-01T06:46:34.066Z,176197959406606
"Player stacks: #1 ""黄笃读 @ CbB4xM29dq"" (312) | #2 ""gf110 @ Fe8nqv0ysi"" (450) | #3 ""单吊幺鸡 @ ida-rexKgt"" (178) | #6 ""vzzz @ awUuJQ4Xdy"" (460)",2025-11-01T06:46:34.066Z,176197959406601
"-- starting hand #37 (id: 44mf9xe5a3gq)  (No Limit Texas Hold'em) (dealer: ""黄笃读 @ CbB4xM29dq"") --",2025-11-01T06:46:34.066Z,176197959406600
"-- ending hand #36 --",2025-11-01T06:46:28.060Z,176197958806002
"""黄笃读 @ CbB4xM29dq"" collected 84 from pot with Two Pair, A's & 2's (combination: A♥, A♦, 2♠, 2♥, Q♣)",2025-11-01T06:46:28.060Z,176197958806001
"""黄笃读 @ CbB4xM29dq"" shows a A♥, Q♣.",2025-11-01T06:46:28.060Z,176197958806000
"""单吊幺鸡 @ ida-rexKgt"" calls 28",2025-11-01T06:46:27.187Z,176197958718700
"""黄笃读 @ CbB4xM29dq"" bets 28",2025-11-01T06:46:22.495Z,176197958249500
"River: 2♠, 6♠, 2♥, 4♥ [A♦]",2025-11-01T06:46:19.854Z,176197957985400
"""单吊幺鸡 @ ida-rexKgt"" checks",2025-11-01T06:46:19.021Z,176197957902100
"""黄笃读 @ CbB4xM29dq"" checks",2025-11-01T06:46:15.630Z,176197957563000
"Turn: 2♠, 6♠, 2♥ [4♥]",2025-11-01T06:46:14.280Z,176197957428000
"""单吊幺鸡 @ ida-rexKgt"" checks",2025-11-01T06:46:13.455Z,176197957345500
"""黄笃读 @ CbB4xM29dq"" checks",2025-11-01T06:46:11.330Z,176197957133000
"Flop:  [2♠, 6♠, 2♥]",2025-11-01T06:46:09.447Z,176197956944700
"""单吊幺鸡 @ ida-rexKgt"" calls 12",2025-11-01T06:46:08.568Z,176197956856800
"""gf110 @ Fe8nqv0ysi"" folds",2025-11-01T06:46:02.033Z,176197956203300
"""黄笃读 @ CbB4xM29dq"" raises to 12",2025-11-01T06:45:59.240Z,176197955924000
"""单吊幺鸡 @ ida-rexKgt"" calls 4",2025-11-01T06:45:55.748Z,176197955574800
"""gf110 @ Fe8nqv0ysi"" raises to 4",2025-11-01T06:45:53.640Z,176197955364000
"""黄笃读 @ CbB4xM29dq"" calls 2",2025-11-01T06:45:49.469Z,176197954946900
"""vzzz @ awUuJQ4Xdy"" folds",2025-11-01T06:45:48.245Z,176197954824500
"""单吊幺鸡 @ ida-rexKgt"" calls 2",2025-11-01T06:45:45.724Z,176197954572400
"""gf110 @ Fe8nqv0ysi"" posts a big blind of 2",2025-11-01T06:45:43.647Z,176197954364707
"""黄笃读 @ CbB4xM29dq"" posts a small blind of 1",2025-11-01T06:45:43.647Z,176197954364706
"Player stacks: #1 ""黄笃读 @ CbB4xM29dq"" (268) | #2 ""gf110 @ Fe8nqv0ysi"" (454) | #3 ""单吊幺鸡 @ ida-rexKgt"" (218) | #6 ""vzzz @ awUuJQ4Xdy"" (460)",2025-11-01T06:45:43.647Z,176197954364701
"-- starting hand #36 (id: dont4l3whuan)  (No Limit Texas Hold'em) (dealer: ""vzzz @ awUuJQ4Xdy"") --",2025-11-01T06:45:43.647Z,176197954364700
"-- ending hand #35 --",2025-11-01T06:45:40.629Z,176197954062902
"""vzzz @ awUuJQ4Xdy"" collected 112 from pot",2025-11-01T06:45:40.629Z,176197954062901
"Uncalled bet of 96 returned to ""vzzz @ awUuJQ4Xdy""",2025-11-01T06:45:40.629Z,176197954062900
"""gf110 @ Fe8nqv0ysi"" folds",2025-11-01T06:45:39.763Z,176197953976300
"""vzzz @ awUuJQ4Xdy"" bets 96",2025-11-01T06:45:37.395Z,176197953739500
"River: 2♥, 10♣, 7♣, 5♦ [5♠]",2025-11-01T06:45:10.022Z,176197951002200
"""gf110 @ Fe8nqv0ysi"" calls 24",2025-11-01T06:45:09.200Z,176197950920000
"""vzzz @ awUuJQ4Xdy"" bets 24",2025-11-01T06:45:07.076Z,176197950707600
"Turn: 2♥, 10♣, 7♣ [5♦]",2025-11-01T06:44:51.131Z,176197949113100
"""单吊幺鸡 @ ida-rexKgt"" folds",2025-11-01T06:44:50.322Z,176197949032200
"""gf110 @ Fe8nqv0ysi"" calls 16",2025-11-01T06:44:47.765Z,176197948776500
"""vzzz @ awUuJQ4Xdy"" bets 16",2025-11-01T06:44:43.645Z,176197948364500
"Flop:  [2♥, 10♣, 7♣]",2025-11-01T06:44:35.923Z,176197947592300
"""单吊幺鸡 @ ida-rexKgt"" calls 10",2025-11-01T06:44:35.066Z,176197947506600
"""gf110 @ Fe8nqv0ysi"" calls 10",2025-11-01T06:44:33.613Z,176197947361300
"""黄笃读 @ CbB4xM29dq"" folds",2025-11-01T06:44:31.959Z,176197947195900
"""vzzz @ awUuJQ4Xdy"" raises to 10",2025-11-01T06:44:29.590Z,176197946959000
"""单吊幺鸡 @ ida-rexKgt"" calls 2",2025-11-01T06:44:22.741Z,176197946274100
"""gf110 @ Fe8nqv0ysi"" calls 2",2025-11-01T06:44:20.771Z,176197946077100
"""黄笃读 @ CbB4xM29dq"" posts a big blind of 2",2025-11-01T06:44:12.294Z,176197945229407
"""vzzz @ awUuJQ4Xdy"" posts a small blind of 1",2025-11-01T06:44:12.294Z,176197945229406
"Player stacks: #1 ""黄笃读 @ CbB4xM29dq"" (270) | #2 ""gf110 @ Fe8nqv0ysi"" (504) | #3 ""单吊幺鸡 @ ida-rexKgt"" (228) | #6 ""vzzz @ awUuJQ4Xdy"" (398)",2025-11-01T06:44:12.294Z,176197945229401
"-- starting hand #35 (id: gyufvwh06k8n)  (No Limit Texas Hold'em) (dealer: ""单吊幺鸡 @ ida-rexKgt"") --",2025-11-01T06:44:12.294Z,176197945229400
"-- ending hand #34 --",2025-11-01T06:44:09.332Z,176197944933202
"""黄笃读 @ CbB4xM29dq"" collected 129 from pot",2025-11-01T06:44:09.332Z,176197944933201
"Uncalled bet of 64 returned to ""黄笃读 @ CbB4xM29dq""",2025-11-01T06:44:09.332Z,176197944933200
"""gf110 @ Fe8nqv0ysi"" folds",2025-11-01T06:44:08.529Z,176197944852900
"""黄笃读 @ CbB4xM29dq"" bets 64",2025-11-01T06:44:03.441Z,176197944344100
"Turn: A♣, Q♠, 6♥ [J♦]",2025-11-01T06:43:55.209Z,176197943520900
"""黄笃读 @ CbB4xM29dq"" calls 32",2025-11-01T06:43:54.367Z,176197943436700
"""gf110 @ Fe8nqv0ysi"" bets 32",2025-11-01T06:43:49.599Z,176197942959900
"""黄笃读 @ CbB4xM29dq"" checks",2025-11-01T06:43:45.776Z,176197942577600
"Flop:  [A♣, Q♠, 6♥]",2025-11-01T06:43:43.538Z,176197942353800
"""单吊幺鸡 @ ida-rexKgt"" folds",2025-11-01T06:43:42.681Z,176197942268100
"""gf110 @ Fe8nqv0ysi"" calls 27",2025-11-01T06:43:39.985Z,176197941998500
"""黄笃读 @ CbB4xM29dq"" raises to 27",2025-11-01T06:43:38.476Z,176197941847600
"""vzzz @ awUuJQ4Xdy"" folds",2025-11-01T06:43:33.390Z,176197941339000
"""单吊幺鸡 @ ida-rexKgt"" calls 9",2025-11-01T06:43:21.695Z,176197940169500
"""gf110 @ Fe8nqv0ysi"" raises to 9",2025-11-01T06:43:16.100Z,176197939610000
"""黄笃读 @ CbB4xM29dq"" calls 2",2025-11-01T06:43:12.919Z,176197939291900
"""vzzz @ awUuJQ4Xdy"" posts a big blind of 2",2025-11-01T06:43:10.914Z,176197939091407
"""单吊幺鸡 @ ida-rexKgt"" posts a small blind of 1",2025-11-01T06:43:10.914Z,176197939091406
"Player stacks: #1 ""黄笃读 @ CbB4xM29dq"" (200) | #2 ""gf110 @ Fe8nqv0ysi"" (563) | #3 ""单吊幺鸡 @ ida-rexKgt"" (237) | #6 ""vzzz @ awUuJQ4Xdy"" (400)",2025-11-01T06:43:10.914Z,176197939091401
"-- starting hand #34 (id: uoiafjq49lds)  (No Limit Texas Hold'em) (dealer: ""gf110 @ Fe8nqv0ysi"") --",2025-11-01T06:43:10.914Z,176197939091400
"""单吊幺鸡 @ ida-rexKgt"" shows a 4♦, 8♣.",2025-11-01T06:43:08.280Z,176197938828000
"-- ending hand #33 --",2025-11-01T06:43:04.368Z,176197938436803
"""黄笃读 @ CbB4xM29dq"" collected 6 from pot with Pair, A's (combination: A♥, A♣, K♦, Q♥, 10♠)",2025-11-01T06:43:04.368Z,176197938436802
"""黄笃读 @ CbB4xM29dq"" shows a Q♥, 8♠.",2025-11-01T06:43:04.368Z,176197938436801
"""gf110 @ Fe8nqv0ysi"" shows a 6♣, J♦.",2025-11-01T06:43:04.368Z,176197938436800
"""黄笃读 @ CbB4xM29dq"" checks",2025-11-01T06:43:03.534Z,176197938353400
"""单吊幺鸡 @ ida-rexKgt"" checks",2025-11-01T06:43:02.456Z,176197938245600
"""gf110 @ Fe8nqv0ysi"" checks",2025-11-01T06:43:00.438Z,176197938043800
"River: K♦, 10♠, 9♦, A♥ [A♣]",2025-11-01T06:42:58.892Z,176197937889200
"""黄笃读 @ CbB4xM29dq"" checks",2025-11-01T06:42:58.042Z,176197937804200
"""单吊幺鸡 @ ida-rexKgt"" checks",2025-11-01T06:42:54.775Z,176197937477500
"""gf110 @ Fe8nqv0ysi"" checks",2025-11-01T06:42:50.989Z,176197937098900
"Turn: K♦, 10♠, 9♦ [A♥]",2025-11-01T06:42:48.013Z,176197936801300
"""黄笃读 @ CbB4xM29dq"" checks",2025-11-01T06:42:47.165Z,176197936716500
"""单吊幺鸡 @ ida-rexKgt"" checks",2025-11-01T06:42:46.132Z,176197936613200
"""gf110 @ Fe8nqv0ysi"" checks",2025-11-01T06:42:43.685Z,176197936368500
"Flop:  [K♦, 10♠, 9♦]",2025-11-01T06:42:40.400Z,176197936040000
"""单吊幺鸡 @ ida-rexKgt"" checks",2025-11-01T06:42:39.570Z,176197935957000
"""gf110 @ Fe8nqv0ysi"" calls 2",2025-11-01T06:42:36.488Z,176197935648800
"""黄笃读 @ CbB4xM29dq"" calls 2",2025-11-01T06:42:34.772Z,176197935477200
"""vzzz @ awUuJQ4Xdy"" folds",2025-11-01T06:42:33.684Z,176197935368400
"""单吊幺鸡 @ ida-rexKgt"" posts a big blind of 2",2025-11-01T06:42:12.781Z,176197933278107
"""gf110 @ Fe8nqv0ysi"" posts a small blind of 1",2025-11-01T06:42:12.781Z,176197933278106
"Player stacks: #1 ""黄笃读 @ CbB4xM29dq"" (196) | #2 ""gf110 @ Fe8nqv0ysi"" (565) | #3 ""单吊幺鸡 @ ida-rexKgt"" (239) | #6 ""vzzz @ awUuJQ4Xdy"" (400)",2025-11-01T06:42:12.781Z,176197933278101
"-- starting hand #33 (id: 3i8tmmdzizju)  (No Limit Texas Hold'em) (dealer: ""黄笃读 @ CbB4xM29dq"") --",2025-11-01T06:42:12.781Z,176197933278100
"-- ending hand #32 --",2025-11-01T06:42:06.844Z,176197932684402
"""黄笃读 @ CbB4xM29dq"" collected 6 from pot",2025-11-01T06:42:06.844Z,176197932684401
"Uncalled bet of 6 returned to ""黄笃读 @ CbB4xM29dq""",2025-11-01T06:42:06.844Z,176197932684400
"""单吊幺鸡 @ ida-rexKgt"" folds",2025-11-01T06:42:05.993Z,176197932599300
"""gf110 @ Fe8nqv0ysi"" folds",2025-11-01T06:42:04.925Z,176197932492500
"""黄笃读 @ CbB4xM29dq"" bets 6",2025-11-01T06:42:03.172Z,176197932317200
"Flop:  [10♣, 5♥, 3♠]",2025-11-01T06:41:58.466Z,176197931846600
"""gf110 @ Fe8nqv0ysi"" checks",2025-11-01T06:41:57.649Z,176197931764900
"""黄笃读 @ CbB4xM29dq"" calls 2",2025-11-01T06:41:55.653Z,176197931565300
"""vzzz @ awUuJQ4Xdy"" folds",2025-11-01T06:41:54.449Z,176197931444900
"""单吊幺鸡 @ ida-rexKgt"" calls 2",2025-11-01T06:41:43.152Z,176197930315200
"""gf110 @ Fe8nqv0ysi"" posts a big blind of 2",2025-11-01T06:41:39.050Z,176197929905007
"""黄笃读 @ CbB4xM29dq"" posts a small blind of 1",2025-11-01T06:41:39.050Z,176197929905006
"Player stacks: #1 ""黄笃读 @ CbB4xM29dq"" (192) | #2 ""gf110 @ Fe8nqv0ysi"" (567) | #3 ""单吊幺鸡 @ ida-rexKgt"" (241) | #6 ""vzzz @ awUuJQ4Xdy"" (400)",2025-11-01T06:41:39.050Z,176197929905001
"-- starting hand #32 (id: gedumbm7rsuy)  (No Limit Texas Hold'em) (dealer: ""vzzz @ awUuJQ4Xdy"") --",2025-11-01T06:41:39.050Z,176197929905000
"""单吊幺鸡 @ ida-rexKgt"" shows a 10♦, A♦.",2025-11-01T06:41:37.071Z,176197929707100
"""gf110 @ Fe8nqv0ysi"" shows a A♣, 7♦.",2025-11-01T06:41:35.531Z,176197929553100
"-- ending hand #31 --",2025-11-01T06:41:32.022Z,176197929202202
"""黄笃读 @ CbB4xM29dq"" collected 100 from pot with Three of a Kind, 3's (combination: 3♦, 3♣, 3♠, A♥, K♦)",2025-11-01T06:41:32.022Z,176197929202201
"""黄笃读 @ CbB4xM29dq"" shows a 3♦, 3♣.",2025-11-01T06:41:32.022Z,176197929202200
"""单吊幺鸡 @ ida-rexKgt"" calls 25",2025-11-01T06:41:31.158Z,176197929115800
"""gf110 @ Fe8nqv0ysi"" calls 25",2025-11-01T06:41:29.495Z,176197928949500
"""黄笃读 @ CbB4xM29dq"" bets 25",2025-11-01T06:41:26.819Z,176197928681900
"River: 3♠, 5♠, Q♣, K♦ [A♥]",2025-11-01T06:41:21.397Z,176197928139700
"""单吊幺鸡 @ ida-rexKgt"" calls 6",2025-11-01T06:41:20.516Z,176197928051600
"""gf110 @ Fe8nqv0ysi"" calls 6",2025-11-01T06:41:18.854Z,176197927885400
"""黄笃读 @ CbB4xM29dq"" bets 6",2025-11-01T06:41:17.108Z,176197927710800
"Turn: 3♠, 5♠, Q♣ [K♦]",2025-11-01T06:41:12.029Z,176197927202900
"""单吊幺鸡 @ ida-rexKgt"" checks",2025-11-01T06:41:11.191Z,176197927119100
"""gf110 @ Fe8nqv0ysi"" checks",2025-11-01T06:41:09.402Z,176197926940200
"""黄笃读 @ CbB4xM29dq"" checks",2025-11-01T06:41:06.982Z,176197926698200
"Flop:  [3♠, 5♠, Q♣]",2025-11-01T06:40:55.650Z,176197925565000
"""黄笃读 @ CbB4xM29dq"" checks",2025-11-01T06:40:54.812Z,176197925481200
"""vzzz @ awUuJQ4Xdy"" folds",2025-11-01T06:40:23.970Z,176197922397000
"""单吊幺鸡 @ ida-rexKgt"" calls 2",2025-11-01T06:40:19.791Z,176197921979100
"""gf110 @ Fe8nqv0ysi"" calls 2",2025-11-01T06:40:18.212Z,176197921821200
"""黄笃读 @ CbB4xM29dq"" posts a big blind of 2",2025-11-01T06:40:14.532Z,176197921453207
"""vzzz @ awUuJQ4Xdy"" posts a small blind of 1",2025-11-01T06:40:14.532Z,176197921453206
"Player stacks: #1 ""黄笃读 @ CbB4xM29dq"" (125) | #2 ""gf110 @ Fe8nqv0ysi"" (600) | #3 ""单吊幺鸡 @ ida-rexKgt"" (274) | #6 ""vzzz @ awUuJQ4Xdy"" (401)",2025-11-01T06:40:14.532Z,176197921453201
"-- starting hand #31 (id: f5fgh4c8lcmt)  (No Limit Texas Hold'em) (dealer: ""单吊幺鸡 @ ida-rexKgt"") --",2025-11-01T06:40:14.532Z,176197921453200
"-- ending hand #30 --",2025-11-01T06:40:08.529Z,176197920852903
"""gf110 @ Fe8nqv0ysi"" collected 24 from pot with Pair, 4's (combination: 4♥, 4♣, K♣, 10♠, 9♥)",2025-11-01T06:40:08.529Z,176197920852902
"""gf110 @ Fe8nqv0ysi"" shows a 10♠, 4♥.",2025-11-01T06:40:08.529Z,176197920852901
"""黄笃读 @ CbB4xM29dq"" shows a 6♥, Q♣.",2025-11-01T06:40:08.529Z,176197920852900
"""gf110 @ Fe8nqv0ysi"" checks",2025-11-01T06:40:07.683Z,176197920768300
"""黄笃读 @ CbB4xM29dq"" checks",2025-11-01T06:40:05.745Z,176197920574500
"River: 7♦, 4♣, 5♦, K♣ [9♥]",2025-11-01T06:39:56.530Z,176197919653000
"""gf110 @ Fe8nqv0ysi"" checks",2025-11-01T06:39:55.660Z,176197919566000
"""黄笃读 @ CbB4xM29dq"" checks",2025-11-01T06:39:52.146Z,176197919214600
"Turn: 7♦, 4♣, 5♦ [K♣]",2025-11-01T06:39:48.757Z,176197918875700
"""vzzz @ awUuJQ4Xdy"" folds",2025-11-01T06:39:47.953Z,176197918795300
"""单吊幺鸡 @ ida-rexKgt"" folds",2025-11-01T06:39:35.895Z,176197917589500
"""gf110 @ Fe8nqv0ysi"" calls 8",2025-11-01T06:39:29.324Z,176197916932400
"""黄笃读 @ CbB4xM29dq"" bets 8",2025-11-01T06:39:27.680Z,176197916768000
"""vzzz @ awUuJQ4Xdy"" checks",2025-11-01T06:39:22.015Z,176197916201500
"""单吊幺鸡 @ ida-rexKgt"" checks",2025-11-01T06:39:12.213Z,176197915221300
"Flop:  [7♦, 4♣, 5♦]",2025-11-01T06:39:07.075Z,176197914707500
"""vzzz @ awUuJQ4Xdy"" checks",2025-11-01T06:39:06.252Z,176197914625200
"""单吊幺鸡 @ ida-rexKgt"" calls 2",2025-11-01T06:38:58.805Z,176197913880500
"""gf110 @ Fe8nqv0ysi"" calls 2",2025-11-01T06:38:52.925Z,176197913292500
"""黄笃读 @ CbB4xM29dq"" calls 2",2025-11-01T06:38:50.727Z,176197913072700
"""vzzz @ awUuJQ4Xdy"" posts a big blind of 2",2025-11-01T06:38:45.011Z,176197912501107
"""单吊幺鸡 @ ida-rexKgt"" posts a small blind of 1",2025-11-01T06:38:45.011Z,176197912501106
"Player stacks: #1 ""黄笃读 @ CbB4xM29dq"" (135) | #2 ""gf110 @ Fe8nqv0ysi"" (586) | #3 ""单吊幺鸡 @ ida-rexKgt"" (276) | #6 ""vzzz @ awUuJQ4Xdy"" (403)",2025-11-01T06:38:45.011Z,176197912501101
"-- starting hand #30 (id: rmqnnecw1enu)  (No Limit Texas Hold'em) (dealer: ""gf110 @ Fe8nqv0ysi"") --",2025-11-01T06:38:45.011Z,176197912501100
"-- ending hand #29 --",2025-11-01T06:38:39.003Z,176197911900302
"""gf110 @ Fe8nqv0ysi"" collected 18 from pot",2025-11-01T06:38:39.003Z,176197911900301
"Uncalled bet of 13 returned to ""gf110 @ Fe8nqv0ysi""",2025-11-01T06:38:39.003Z,176197911900300
"""单吊幺鸡 @ ida-rexKgt"" folds",2025-11-01T06:38:38.105Z,176197911810500
"""gf110 @ Fe8nqv0ysi"" bets 13",2025-11-01T06:38:36.562Z,176197911656200
"Flop:  [A♦, 7♠, K♠]",2025-11-01T06:38:29.734Z,176197910973400
"""黄笃读 @ CbB4xM29dq"" folds",2025-11-01T06:38:28.872Z,176197910887200
"""单吊幺鸡 @ ida-rexKgt"" calls 8",2025-11-01T06:38:26.402Z,176197910640200
"""gf110 @ Fe8nqv0ysi"" raises to 8",2025-11-01T06:38:25.045Z,176197910504500
"""黄笃读 @ CbB4xM29dq"" calls 2",2025-11-01T06:38:22.455Z,176197910245500
"""vzzz @ awUuJQ4Xdy"" folds",2025-11-01T06:38:19.581Z,176197909958100
"""单吊幺鸡 @ ida-rexKgt"" posts a big blind of 2",2025-11-01T06:38:10.592Z,176197909059207
"""gf110 @ Fe8nqv0ysi"" posts a small blind of 1",2025-11-01T06:38:10.592Z,176197909059206
"Player stacks: #1 ""黄笃读 @ CbB4xM29dq"" (137) | #2 ""gf110 @ Fe8nqv0ysi"" (576) | #3 ""单吊幺鸡 @ ida-rexKgt"" (284) | #6 ""vzzz @ awUuJQ4Xdy"" (403)",2025-11-01T06:38:10.592Z,176197909059201
"-- starting hand #29 (id: kztrifxsu4qt)  (No Limit Texas Hold'em) (dealer: ""黄笃读 @ CbB4xM29dq"") --",2025-11-01T06:38:10.592Z,176197909059200
"-- ending hand #28 --",2025-11-01T06:38:04.588Z,176197908458803
"""单吊幺鸡 @ ida-rexKgt"" collected 24 from pot with Pair, 8's (combination: 8♣, 8♦, A♠, 10♣, 7♣)",2025-11-01T06:38:04.588Z,176197908458802
"""单吊幺鸡 @ ida-rexKgt"" shows a 2♣, 8♣.",2025-11-01T06:38:04.588Z,176197908458801
"""黄笃读 @ CbB4xM29dq"" shows a 7♥, 5♣.",2025-11-01T06:38:04.588Z,176197908458800
"""单吊幺鸡 @ ida-rexKgt"" checks",2025-11-01T06:38:03.747Z,176197908374700
"""gf110 @ Fe8nqv0ysi"" checks",2025-11-01T06:38:02.167Z,176197908216700
"""黄笃读 @ CbB4xM29dq"" checks",2025-11-01T06:37:59.688Z,176197907968800
"River: 6♦, 7♣, 8♦, 10♣ [A♠]",2025-11-01T06:37:56.772Z,176197907677200
"""单吊幺鸡 @ ida-rexKgt"" checks",2025-11-01T06:37:55.905Z,176197907590500
"""gf110 @ Fe8nqv0ysi"" checks",2025-11-01T06:37:53.480Z,176197907348000
"""黄笃读 @ CbB4xM29dq"" checks",2025-11-01T06:37:50.680Z,176197907068000
"Turn: 6♦, 7♣, 8♦ [10♣]",2025-11-01T06:37:45.966Z,176197906596600
"""单吊幺鸡 @ ida-rexKgt"" calls 6",2025-11-01T06:37:45.050Z,176197906505000
"""gf110 @ Fe8nqv0ysi"" calls 6",2025-11-01T06:37:42.862Z,176197906286200
"""黄笃读 @ CbB4xM29dq"" bets 6",2025-11-01T06:37:40.441Z,176197906044100
"Flop:  [6♦, 7♣, 8♦]",2025-11-01T06:37:33.805Z,176197905380500
"""gf110 @ Fe8nqv0ysi"" checks",2025-11-01T06:37:32.997Z,176197905299700
"""黄笃读 @ CbB4xM29dq"" calls 2",2025-11-01T06:37:27.865Z,176197904786500
"""vzzz @ awUuJQ4Xdy"" folds",2025-11-01T06:37:26.711Z,176197904671100
"""单吊幺鸡 @ ida-rexKgt"" calls 2",2025-11-01T06:37:22.976Z,176197904297600
"""gf110 @ Fe8nqv0ysi"" posts a big blind of 2",2025-11-01T06:37:19.796Z,176197903979607
"""黄笃读 @ CbB4xM29dq"" posts a small blind of 1",2025-11-01T06:37:19.796Z,176197903979606
"Player stacks: #1 ""黄笃读 @ CbB4xM29dq"" (145) | #2 ""gf110 @ Fe8nqv0ysi"" (584) | #3 ""单吊幺鸡 @ ida-rexKgt"" (268) | #6 ""vzzz @ awUuJQ4Xdy"" (403)",2025-11-01T06:37:19.796Z,176197903979601
"-- starting hand #28 (id: q4yiolllwxfp)  (No Limit Texas Hold'em) (dealer: ""vzzz @ awUuJQ4Xdy"") --",2025-11-01T06:37:19.796Z,176197903979600
"-- ending hand #27 --",2025-11-01T06:37:13.791Z,176197903379103
"""gf110 @ Fe8nqv0ysi"" collected 45 from pot with Pair, 4's (combination: 4♣, 4♠, J♣, 10♥, 8♦)",2025-11-01T06:37:13.791Z,176197903379102
"""gf110 @ Fe8nqv0ysi"" shows a 4♣, 2♦.",2025-11-01T06:37:13.791Z,176197903379101
"""黄笃读 @ CbB4xM29dq"" shows a 9♦, 3♦.",2025-11-01T06:37:13.791Z,176197903379100
"""gf110 @ Fe8nqv0ysi"" checks",2025-11-01T06:37:12.972Z,176197903297200
"""黄笃读 @ CbB4xM29dq"" checks",2025-11-01T06:37:06.960Z,176197902696000
"River: J♣, 4♠, 5♥, 10♥ [8♦]",2025-11-01T06:36:55.660Z,176197901566000
"""gf110 @ Fe8nqv0ysi"" calls 12",2025-11-01T06:36:54.829Z,176197901482900
"""黄笃读 @ CbB4xM29dq"" bets 12",2025-11-01T06:36:50.857Z,176197901085700
"Turn: J♣, 4♠, 5♥ [10♥]",2025-11-01T06:36:43.272Z,176197900327200
"""gf110 @ Fe8nqv0ysi"" calls 8",2025-11-01T06:36:42.461Z,176197900246100
"""黄笃读 @ CbB4xM29dq"" bets 8",2025-11-01T06:36:40.089Z,176197900008900
"Flop:  [J♣, 4♠, 5♥]",2025-11-01T06:36:35.023Z,176197899502300
"""黄笃读 @ CbB4xM29dq"" checks",2025-11-01T06:36:34.197Z,176197899419700
"""vzzz @ awUuJQ4Xdy"" folds",2025-11-01T06:36:32.079Z,176197899207900
"""单吊幺鸡 @ ida-rexKgt"" folds",2025-11-01T06:36:26.166Z,176197898616600
"""gf110 @ Fe8nqv0ysi"" calls 2",2025-11-01T06:36:21.889Z,176197898188900
"""黄笃读 @ CbB4xM29dq"" posts a big blind of 2",2025-11-01T06:36:14.814Z,176197897481407
"""vzzz @ awUuJQ4Xdy"" posts a small blind of 1",2025-11-01T06:36:14.814Z,176197897481406
"Player stacks: #1 ""黄笃读 @ CbB4xM29dq"" (167) | #2 ""gf110 @ Fe8nqv0ysi"" (561) | #3 ""单吊幺鸡 @ ida-rexKgt"" (268) | #6 ""vzzz @ awUuJQ4Xdy"" (404)",2025-11-01T06:36:14.814Z,176197897481401
"-- starting hand #27 (id: s3bhex2n6oho)  (No Limit Texas Hold'em) (dealer: ""单吊幺鸡 @ ida-rexKgt"") --",2025-11-01T06:36:14.814Z,176197897481400
"""gf110 @ Fe8nqv0ysi"" shows a 10♣, 9♦.",2025-11-01T06:36:12.252Z,176197897225200
"-- ending hand #26 --",2025-11-01T06:36:11.171Z,176197897117102
"""gf110 @ Fe8nqv0ysi"" collected 90 from pot",2025-11-01T06:36:11.171Z,176197897117101
"Uncalled bet of 67 returned to ""gf110 @ Fe8nqv0ysi""",2025-11-01T06:36:11.171Z,176197897117100
"""黄笃读 @ CbB4xM29dq"" folds",2025-11-01T06:36:10.321Z,176197897032100
"""gf110 @ Fe8nqv0ysi"" bets 67",2025-11-01T06:36:08.972Z,176197896897200
"""黄笃读 @ CbB4xM29dq"" checks",2025-11-01T06:36:02.916Z,176197896291600
"River: 7♠, 8♠, 8♥, 9♣ [9♥]",2025-11-01T06:35:58.699Z,176197895869900
"""黄笃读 @ CbB4xM29dq"" calls 27",2025-11-01T06:35:57.817Z,176197895781700
"""vzzz @ awUuJQ4Xdy"" folds",2025-11-01T06:35:51.118Z,176197895111800
"""单吊幺鸡 @ ida-rexKgt"" folds",2025-11-01T06:35:49.990Z,176197894999000
"""gf110 @ Fe8nqv0ysi"" bets 27",2025-11-01T06:35:43.899Z,176197894389900
"""黄笃读 @ CbB4xM29dq"" checks",2025-11-01T06:35:39.469Z,176197893946900
"""vzzz @ awUuJQ4Xdy"" checks",2025-11-01T06:35:37.995Z,176197893799500
"""单吊幺鸡 @ ida-rexKgt"" checks",2025-11-01T06:35:31.507Z,176197893150700
"Turn: 7♠, 8♠, 8♥ [9♣]",2025-11-01T06:35:25.135Z,176197892513500
"""gf110 @ Fe8nqv0ysi"" checks",2025-11-01T06:35:24.303Z,176197892430300
"""黄笃读 @ CbB4xM29dq"" checks",2025-11-01T06:35:21.808Z,176197892180800
"""vzzz @ awUuJQ4Xdy"" checks",2025-11-01T06:35:08.075Z,176197890807500
"""单吊幺鸡 @ ida-rexKgt"" checks",2025-11-01T06:34:57.861Z,176197889786100
"Flop:  [7♠, 8♠, 8♥]",2025-11-01T06:34:51.858Z,176197889185800
"""黄笃读 @ CbB4xM29dq"" calls 9",2025-11-01T06:34:51.043Z,176197889104300
"""vzzz @ awUuJQ4Xdy"" calls 9",2025-11-01T06:34:48.376Z,176197888837600
"""单吊幺鸡 @ ida-rexKgt"" calls 9",2025-11-01T06:34:45.579Z,176197888557900
"""gf110 @ Fe8nqv0ysi"" raises to 9",2025-11-01T06:34:42.720Z,176197888272000
"""黄笃读 @ CbB4xM29dq"" calls 2",2025-11-01T06:34:38.763Z,176197887876300
"""vzzz @ awUuJQ4Xdy"" posts a big blind of 2",2025-11-01T06:34:36.254Z,176197887625407
"""单吊幺鸡 @ ida-rexKgt"" posts a small blind of 1",2025-11-01T06:34:36.254Z,176197887625406
"Player stacks: #1 ""黄笃读 @ CbB4xM29dq"" (203) | #2 ""gf110 @ Fe8nqv0ysi"" (507) | #3 ""单吊幺鸡 @ ida-rexKgt"" (277) | #6 ""vzzz @ awUuJQ4Xdy"" (413)",2025-11-01T06:34:36.254Z,176197887625401
"-- starting hand #26 (id: mg5si2hdy8sw)  (No Limit Texas Hold'em) (dealer: ""gf110 @ Fe8nqv0ysi"") --",2025-11-01T06:34:36.254Z,176197887625400
"-- ending hand #25 --",2025-11-01T06:34:30.313Z,176197887031302
"""gf110 @ Fe8nqv0ysi"" collected 6 from pot",2025-11-01T06:34:30.313Z,176197887031301
"Uncalled bet of 6 returned to ""gf110 @ Fe8nqv0ysi""",2025-11-01T06:34:30.313Z,176197887031300
"""黄笃读 @ CbB4xM29dq"" folds",2025-11-01T06:34:29.483Z,176197886948300
"""单吊幺鸡 @ ida-rexKgt"" folds",2025-11-01T06:34:27.953Z,176197886795300
"""gf110 @ Fe8nqv0ysi"" bets 6",2025-11-01T06:34:20.623Z,176197886062300
"Flop:  [Q♦, 2♦, 9♠]",2025-11-01T06:34:13.887Z,176197885388700
"""单吊幺鸡 @ ida-rexKgt"" checks",2025-11-01T06:34:13.071Z,176197885307100
"""gf110 @ Fe8nqv0ysi"" calls 2",2025-11-01T06:34:10.552Z,176197885055200
"""黄笃读 @ CbB4xM29dq"" calls 2",2025-11-01T06:34:05.162Z,176197884516200
"""vzzz @ awUuJQ4Xdy"" folds",2025-11-01T06:34:03.949Z,176197884394900
"""单吊幺鸡 @ ida-rexKgt"" posts a big blind of 2",2025-11-01T06:33:58.022Z,176197883802207
"""gf110 @ Fe8nqv0ysi"" posts a small blind of 1",2025-11-01T06:33:58.022Z,176197883802206
"Player stacks: #1 ""黄笃读 @ CbB4xM29dq"" (205) | #2 ""gf110 @ Fe8nqv0ysi"" (503) | #3 ""单吊幺鸡 @ ida-rexKgt"" (279) | #6 ""vzzz @ awUuJQ4Xdy"" (413)",2025-11-01T06:33:58.022Z,176197883802201
"-- starting hand #25 (id: ubrrum8a0j47)  (No Limit Texas Hold'em) (dealer: ""黄笃读 @ CbB4xM29dq"") --",2025-11-01T06:33:58.022Z,176197883802200
"""黄笃读 @ CbB4xM29dq"" shows a 3♠, 8♦.",2025-11-01T06:33:52.807Z,176197883280700
"""gf110 @ Fe8nqv0ysi"" shows a A♣, 8♣.",2025-11-01T06:33:52.682Z,176197883268200
"-- ending hand #24 --",2025-11-01T06:33:50.621Z,176197883062102
"""gf110 @ Fe8nqv0ysi"" collected 2 from pot",2025-11-01T06:33:50.621Z,176197883062101
"Uncalled bet of 1 returned to ""gf110 @ Fe8nqv0ysi""",2025-11-01T06:33:50.621Z,176197883062100
"""黄笃读 @ CbB4xM29dq"" folds",2025-11-01T06:33:49.813Z,176197882981300
"""vzzz @ awUuJQ4Xdy"" folds",2025-11-01T06:33:47.333Z,176197882733300
"""单吊幺鸡 @ ida-rexKgt"" folds",2025-11-01T06:33:46.112Z,176197882611200
"""gf110 @ Fe8nqv0ysi"" posts a big blind of 2",2025-11-01T06:33:43.817Z,176197882381707
"""黄笃读 @ CbB4xM29dq"" posts a small blind of 1",2025-11-01T06:33:43.817Z,176197882381706
"Player stacks: #1 ""黄笃读 @ CbB4xM29dq"" (206) | #2 ""gf110 @ Fe8nqv0ysi"" (502) | #3 ""单吊幺鸡 @ ida-rexKgt"" (279) | #6 ""vzzz @ awUuJQ4Xdy"" (413)",2025-11-01T06:33:43.817Z,176197882381701
"-- starting hand #24 (id: 9juek17q99xn)  (No Limit Texas Hold'em) (dealer: ""vzzz @ awUuJQ4Xdy"") --",2025-11-01T06:33:43.817Z,176197882381700
"""单吊幺鸡 @ ida-rexKgt"" shows a 7♦, 2♥.",2025-11-01T06:33:41.667Z,176197882166700
"""黄笃读 @ CbB4xM29dq"" shows a 5♥, 4♠.",2025-11-01T06:33:39.977Z,176197881997700
"""gf110 @ Fe8nqv0ysi"" shows a 6♠, 9♥.",2025-11-01T06:33:38.906Z,176197881890600
"-- ending hand #23 --",2025-11-01T06:33:35.807Z,176197881580702
"""gf110 @ Fe8nqv0ysi"" collected 6 from pot",2025-11-01T06:33:35.807Z,176197881580701
"Uncalled bet of 6 returned to ""gf110 @ Fe8nqv0ysi""",2025-11-01T06:33:35.807Z,176197881580700
"""黄笃读 @ CbB4xM29dq"" folds",2025-11-01T06:33:34.902Z,176197881490200
"""vzzz @ awUuJQ4Xdy"" folds",2025-11-01T06:33:33.806Z,176197881380600
"""gf110 @ Fe8nqv0ysi"" bets 6",2025-11-01T06:33:30.917Z,176197881091700
"""黄笃读 @ CbB4xM29dq"" checks",2025-11-01T06:33:27.721Z,176197880772100
"""vzzz @ awUuJQ4Xdy"" checks",2025-11-01T06:33:26.032Z,176197880603200
"Flop:  [K♦, 6♥, Q♠]",2025-11-01T06:33:22.823Z,176197880282300
"""黄笃读 @ CbB4xM29dq"" checks",2025-11-01T06:33:21.998Z,176197880199800
"""vzzz @ awUuJQ4Xdy"" calls 2",2025-11-01T06:33:20.525Z,176197880052500
"""单吊幺鸡 @ ida-rexKgt"" folds",2025-11-01T06:33:18.474Z,176197879847400
"""gf110 @ Fe8nqv0ysi"" calls 2",2025-11-01T06:33:16.153Z,176197879615300
"""黄笃读 @ CbB4xM29dq"" posts a big blind of 2",2025-11-01T06:33:13.362Z,176197879336207
"""vzzz @ awUuJQ4Xdy"" posts a small blind of 1",2025-11-01T06:33:13.362Z,176197879336206
"Player stacks: #1 ""黄笃读 @ CbB4xM29dq"" (208) | #2 ""gf110 @ Fe8nqv0ysi"" (498) | #3 ""单吊幺鸡 @ ida-rexKgt"" (279) | #6 ""vzzz @ awUuJQ4Xdy"" (415)",2025-11-01T06:33:13.362Z,176197879336201
"-- starting hand #23 (id: rjwir7xiobby)  (No Limit Texas Hold'em) (dealer: ""单吊幺鸡 @ ida-rexKgt"") --",2025-11-01T06:33:13.362Z,176197879336200
"-- ending hand #22 --",2025-11-01T06:33:10.413Z,176197879041302
"""黄笃读 @ CbB4xM29dq"" collected 28 from pot",2025-11-01T06:33:10.413Z,176197879041301
"Uncalled bet of 14 returned to ""黄笃读 @ CbB4xM29dq""",2025-11-01T06:33:10.413Z,176197879041300
"""vzzz @ awUuJQ4Xdy"" folds",2025-11-01T06:33:09.549Z,176197878954900
"""黄笃读 @ CbB4xM29dq"" bets 14",2025-11-01T06:33:06.481Z,176197878648100
"""vzzz @ awUuJQ4Xdy"" checks",2025-11-01T06:32:52.825Z,176197877282500
"River: 7♦, 5♠, 10♠, 4♣ [6♦]",2025-11-01T06:32:47.324Z,176197876732400
"""黄笃读 @ CbB4xM29dq"" checks",2025-11-01T06:32:46.488Z,176197876648800
"""vzzz @ awUuJQ4Xdy"" checks",2025-11-01T06:32:44.436Z,176197876443600
"Turn: 7♦, 5♠, 10♠ [4♣]",2025-11-01T06:32:35.502Z,176197875550200
"""黄笃读 @ CbB4xM29dq"" checks",2025-11-01T06:32:34.660Z,176197875466000
"""vzzz @ awUuJQ4Xdy"" checks",2025-11-01T06:32:32.277Z,176197875227700
"Flop:  [7♦, 5♠, 10♠]",2025-11-01T06:32:24.568Z,176197874456800
"""单吊幺鸡 @ ida-rexKgt"" folds",2025-11-01T06:32:23.736Z,176197874373600
"""gf110 @ Fe8nqv0ysi"" folds",2025-11-01T06:32:22.196Z,176197874219600
"""黄笃读 @ CbB4xM29dq"" calls 12",2025-11-01T06:32:20.927Z,176197874092700
"""vzzz @ awUuJQ4Xdy"" raises to 12",2025-11-01T06:32:18.725Z,176197873872500
"""单吊幺鸡 @ ida-rexKgt"" calls 2",2025-11-01T06:32:11.793Z,176197873179300
"""gf110 @ Fe8nqv0ysi"" calls 2",2025-11-01T06:32:09.347Z,176197872934700
"""黄笃读 @ CbB4xM29dq"" calls 2",2025-11-01T06:32:07.060Z,176197872706000
"""vzzz @ awUuJQ4Xdy"" posts a big blind of 2",2025-11-01T06:32:05.484Z,176197872548407
"""单吊幺鸡 @ ida-rexKgt"" posts a small blind of 1",2025-11-01T06:32:05.484Z,176197872548406
"Player stacks: #1 ""黄笃读 @ CbB4xM29dq"" (192) | #2 ""gf110 @ Fe8nqv0ysi"" (500) | #3 ""单吊幺鸡 @ ida-rexKgt"" (281) | #6 ""vzzz @ awUuJQ4Xdy"" (427)",2025-11-01T06:32:05.484Z,176197872548401
"-- starting hand #22 (id: awbrgaedhykf)  (No Limit Texas Hold'em) (dealer: ""gf110 @ Fe8nqv0ysi"") --",2025-11-01T06:32:05.484Z,176197872548400
"""单吊幺鸡 @ ida-rexKgt"" shows a 6♦, 7♦.",2025-11-01T06:32:02.337Z,176197872233700
"""gf110 @ Fe8nqv0ysi"" shows a 5♦, K♥.",2025-11-01T06:32:01.006Z,176197872100600
"-- ending hand #21 --",2025-11-01T06:31:58.128Z,176197871812802
"""gf110 @ Fe8nqv0ysi"" collected 4 from pot",2025-11-01T06:31:58.128Z,176197871812801
"Uncalled bet of 4 returned to ""gf110 @ Fe8nqv0ysi""",2025-11-01T06:31:58.128Z,176197871812800
"""单吊幺鸡 @ ida-rexKgt"" folds",2025-11-01T06:31:57.288Z,176197871728800
"""gf110 @ Fe8nqv0ysi"" bets 4",2025-11-01T06:31:52.575Z,176197871257500
"Turn: J♣, K♠, 4♥ [2♥]",2025-11-01T06:31:48.546Z,176197870854600
"""单吊幺鸡 @ ida-rexKgt"" checks",2025-11-01T06:31:47.733Z,176197870773300
"""gf110 @ Fe8nqv0ysi"" checks",2025-11-01T06:31:45.990Z,176197870599000
"Flop:  [J♣, K♠, 4♥]",2025-11-01T06:31:41.318Z,176197870131800
"""单吊幺鸡 @ ida-rexKgt"" checks",2025-11-01T06:31:40.481Z,176197870048100
"""gf110 @ Fe8nqv0ysi"" calls 2",2025-11-01T06:31:36.009Z,176197869600900
"""黄笃读 @ CbB4xM29dq"" folds",2025-11-01T06:31:34.050Z,176197869405000
"""vzzz @ awUuJQ4Xdy"" folds",2025-11-01T06:31:32.960Z,176197869296000
"""单吊幺鸡 @ ida-rexKgt"" posts a big blind of 2",2025-11-01T06:31:29.904Z,176197868990407
"""gf110 @ Fe8nqv0ysi"" posts a small blind of 1",2025-11-01T06:31:29.904Z,176197868990406
"Player stacks: #1 ""黄笃读 @ CbB4xM29dq"" (192) | #2 ""gf110 @ Fe8nqv0ysi"" (498) | #3 ""单吊幺鸡 @ ida-rexKgt"" (283) | #6 ""vzzz @ awUuJQ4Xdy"" (427)",2025-11-01T06:31:29.904Z,176197868990401
"-- starting hand #21 (id: 12vrh70dfid2)  (No Limit Texas Hold'em) (dealer: ""黄笃读 @ CbB4xM29dq"") --",2025-11-01T06:31:29.904Z,176197868990400
"-- ending hand #20 --",2025-11-01T06:31:26.989Z,176197868698902
"""黄笃读 @ CbB4xM29dq"" collected 26 from pot",2025-11-01T06:31:26.989Z,176197868698901
"Uncalled bet of 19 returned to ""黄笃读 @ CbB4xM29dq""",2025-11-01T06:31:26.989Z,176197868698900
"""单吊幺鸡 @ ida-rexKgt"" folds",2025-11-01T06:31:26.179Z,176197868617900
"""黄笃读 @ CbB4xM29dq"" bets 19",2025-11-01T06:31:24.500Z,176197868450000
"River: 5♠, Q♠, K♦, 4♠ [9♠]",2025-11-01T06:31:18.502Z,176197867850200
"""单吊幺鸡 @ ida-rexKgt"" checks",2025-11-01T06:31:17.699Z,176197867769900
"""黄笃读 @ CbB4xM29dq"" checks",2025-11-01T06:31:16.265Z,176197867626500
"Turn: 5♠, Q♠, K♦ [4♠]",2025-11-01T06:31:14.245Z,176197867424500
"""gf110 @ Fe8nqv0ysi"" folds",2025-11-01T06:31:13.435Z,176197867343500
"""黄笃读 @ CbB4xM29dq"" calls 10",2025-11-01T06:31:12.286Z,176197867228600
"""单吊幺鸡 @ ida-rexKgt"" bets 10",2025-11-01T06:31:09.653Z,176197866965300
"""gf110 @ Fe8nqv0ysi"" checks",2025-11-01T06:30:59.548Z,176197865954800
"""黄笃读 @ CbB4xM29dq"" checks",2025-11-01T06:30:56.509Z,176197865650900
"Flop:  [5♠, Q♠, K♦]",2025-11-01T06:30:51.936Z,176197865193600
"""gf110 @ Fe8nqv0ysi"" checks",2025-11-01T06:30:51.123Z,176197865112300
"""黄笃读 @ CbB4xM29dq"" calls 2",2025-11-01T06:30:47.817Z,176197864781700
"""vzzz @ awUuJQ4Xdy"" folds",2025-11-01T06:30:46.490Z,176197864649000
"""单吊幺鸡 @ ida-rexKgt"" calls 2",2025-11-01T06:30:45.240Z,176197864524000
"""gf110 @ Fe8nqv0ysi"" posts a big blind of 2",2025-11-01T06:30:39.885Z,176197863988507
"""黄笃读 @ CbB4xM29dq"" posts a small blind of 1",2025-11-01T06:30:39.885Z,176197863988506
"Player stacks: #1 ""黄笃读 @ CbB4xM29dq"" (178) | #2 ""gf110 @ Fe8nqv0ysi"" (500) | #3 ""单吊幺鸡 @ ida-rexKgt"" (295) | #6 ""vzzz @ awUuJQ4Xdy"" (427)",2025-11-01T06:30:39.885Z,176197863988501
"-- starting hand #20 (id: wvkjw69wzzia)  (No Limit Texas Hold'em) (dealer: ""vzzz @ awUuJQ4Xdy"") --",2025-11-01T06:30:39.885Z,176197863988500
"-- ending hand #19 --",2025-11-01T06:30:36.885Z,176197863688502
"""vzzz @ awUuJQ4Xdy"" collected 52 from pot",2025-11-01T06:30:36.885Z,176197863688501
"Uncalled bet of 52 returned to ""vzzz @ awUuJQ4Xdy""",2025-11-01T06:30:36.885Z,176197863688500
"""黄笃读 @ CbB4xM29dq"" folds",2025-11-01T06:30:36.013Z,176197863601300
"""vzzz @ awUuJQ4Xdy"" raises to 62",2025-11-01T06:30:24.980Z,176197862498000
"""单吊幺鸡 @ ida-rexKgt"" folds",2025-11-01T06:29:56.881Z,176197859688100
"""黄笃读 @ CbB4xM29dq"" raises to 10",2025-11-01T06:29:53.528Z,176197859352800
"""vzzz @ awUuJQ4Xdy"" bets 2",2025-11-01T06:29:45.995Z,176197858599500
"River: 3♥, 6♥, 5♠, 2♠ [10♠]",2025-11-01T06:29:38.828Z,176197857882800
"""单吊幺鸡 @ ida-rexKgt"" checks",2025-11-01T06:29:37.968Z,176197857796800
"""黄笃读 @ CbB4xM29dq"" checks",2025-11-01T06:29:35.284Z,176197857528400
"""vzzz @ awUuJQ4Xdy"" checks",2025-11-01T06:29:33.555Z,176197857355500
"Turn: 3♥, 6♥, 5♠ [2♠]",2025-11-01T06:29:29.710Z,176197856971000
"""vzzz @ awUuJQ4Xdy"" calls 8",2025-11-01T06:29:28.825Z,176197856882500
"""单吊幺鸡 @ ida-rexKgt"" calls 8",2025-11-01T06:29:20.945Z,176197856094500
"""gf110 @ Fe8nqv0ysi"" folds",2025-11-01T06:29:18.868Z,176197855886800
"""黄笃读 @ CbB4xM29dq"" bets 8",2025-11-01T06:29:17.124Z,176197855712400
"""vzzz @ awUuJQ4Xdy"" checks",2025-11-01T06:29:12.495Z,176197855249500
"Flop:  [3♥, 6♥, 5♠]",2025-11-01T06:29:09.116Z,176197854911600
"""黄笃读 @ CbB4xM29dq"" checks",2025-11-01T06:29:08.297Z,176197854829700
"""vzzz @ awUuJQ4Xdy"" calls 2",2025-11-01T06:29:04.236Z,176197854423600
"""单吊幺鸡 @ ida-rexKgt"" calls 2",2025-11-01T06:28:57.769Z,176197853776900
"""gf110 @ Fe8nqv0ysi"" calls 2",2025-11-01T06:28:54.632Z,176197853463200
"""黄笃读 @ CbB4xM29dq"" posts a big blind of 2",2025-11-01T06:28:51.030Z,176197853103007
"""vzzz @ awUuJQ4Xdy"" posts a small blind of 1",2025-11-01T06:28:51.030Z,176197853103006
"Player stacks: #1 ""黄笃读 @ CbB4xM29dq"" (198) | #2 ""gf110 @ Fe8nqv0ysi"" (502) | #3 ""单吊幺鸡 @ ida-rexKgt"" (305) | #6 ""vzzz @ awUuJQ4Xdy"" (395)",2025-11-01T06:28:51.030Z,176197853103001
"-- starting hand #19 (id: aelkrmqwy5go)  (No Limit Texas Hold'em) (dealer: ""单吊幺鸡 @ ida-rexKgt"") --",2025-11-01T06:28:51.030Z,176197853103000
"""gf110 @ Fe8nqv0ysi"" shows a K♦, 4♥.",2025-11-01T06:28:46.105Z,176197852610500
"-- ending hand #18 --",2025-11-01T06:28:44.427Z,176197852442702
"""gf110 @ Fe8nqv0ysi"" collected 8 from pot",2025-11-01T06:28:44.427Z,176197852442701
"Uncalled bet of 8 returned to ""gf110 @ Fe8nqv0ysi""",2025-11-01T06:28:44.427Z,176197852442700
"""黄笃读 @ CbB4xM29dq"" folds",2025-11-01T06:28:43.608Z,176197852360800
"""vzzz @ awUuJQ4Xdy"" folds",2025-11-01T06:28:42.344Z,176197852234400
"""单吊幺鸡 @ ida-rexKgt"" folds",2025-11-01T06:28:40.403Z,176197852040300
"""gf110 @ Fe8nqv0ysi"" bets 8",2025-11-01T06:28:37.994Z,176197851799400
"""黄笃读 @ CbB4xM29dq"" checks",2025-11-01T06:28:31.912Z,176197851191200
"""vzzz @ awUuJQ4Xdy"" checks",2025-11-01T06:28:30.845Z,176197851084500
"""单吊幺鸡 @ ida-rexKgt"" checks",2025-11-01T06:28:28.352Z,176197850835200
"Flop:  [5♣, 6♠, 7♦]",2025-11-01T06:28:22.805Z,176197850280500
"""vzzz @ awUuJQ4Xdy"" checks",2025-11-01T06:28:21.985Z,176197850198500
"""单吊幺鸡 @ ida-rexKgt"" calls 2",2025-11-01T06:28:15.921Z,176197849592100
"""gf110 @ Fe8nqv0ysi"" calls 2",2025-11-01T06:28:10.962Z,176197849096200
"""黄笃读 @ CbB4xM29dq"" calls 2",2025-11-01T06:28:09.035Z,176197848903500
"""vzzz @ awUuJQ4Xdy"" posts a big blind of 2",2025-11-01T06:28:06.759Z,176197848675908
"""单吊幺鸡 @ ida-rexKgt"" posts a small blind of 1",2025-11-01T06:28:06.759Z,176197848675907
"Player stacks: #1 ""黄笃读 @ CbB4xM29dq"" (200) | #2 ""gf110 @ Fe8nqv0ysi"" (496) | #3 ""单吊幺鸡 @ ida-rexKgt"" (307) | #6 ""vzzz @ awUuJQ4Xdy"" (397)",2025-11-01T06:28:06.759Z,176197848675902
"-- starting hand #18 (id: wgoaibd7yz20)  (No Limit Texas Hold'em) (dealer: ""gf110 @ Fe8nqv0ysi"") --",2025-11-01T06:28:06.759Z,176197848675901
"The player ""黄笃读 @ CbB4xM29dq"" joined the game with a stack of 200.",2025-11-01T06:28:06.759Z,176197848675900
"-- ending hand #17 --",2025-11-01T06:28:03.848Z,176197848384802
"""单吊幺鸡 @ ida-rexKgt"" collected 24 from pot",2025-11-01T06:28:03.848Z,176197848384801
"Uncalled bet of 5 returned to ""单吊幺鸡 @ ida-rexKgt""",2025-11-01T06:28:03.848Z,176197848384800
"""gf110 @ Fe8nqv0ysi"" folds",2025-11-01T06:28:02.962Z,176197848296200
"""单吊幺鸡 @ ida-rexKgt"" bets 5",2025-11-01T06:28:00.856Z,176197848085600
"""gf110 @ Fe8nqv0ysi"" checks",2025-11-01T06:27:49.882Z,176197846988200
"River: 6♦, J♥, A♦, 4♥ [J♠]",2025-11-01T06:27:47.658Z,176197846765800
"""单吊幺鸡 @ ida-rexKgt"" checks",2025-11-01T06:27:46.852Z,176197846685200
"""gf110 @ Fe8nqv0ysi"" checks",2025-11-01T06:27:45.035Z,176197846503500
"Turn: 6♦, J♥, A♦ [4♥]",2025-11-01T06:27:42.768Z,176197846276800
"""单吊幺鸡 @ ida-rexKgt"" calls 6",2025-11-01T06:27:41.956Z,176197846195600
"""gf110 @ Fe8nqv0ysi"" bets 6",2025-11-01T06:27:39.879Z,176197845987900
"Flop:  [6♦, J♥, A♦]",2025-11-01T06:27:33.720Z,176197845372000
"""单吊幺鸡 @ ida-rexKgt"" calls 6",2025-11-01T06:27:32.875Z,176197845287500
"""gf110 @ Fe8nqv0ysi"" raises to 6",2025-11-01T06:27:30.120Z,176197845012000
"""vzzz @ awUuJQ4Xdy"" folds",2025-11-01T06:27:26.465Z,176197844646500
"""单吊幺鸡 @ ida-rexKgt"" posts a big blind of 2",2025-11-01T06:27:23.209Z,176197844320906
"""gf110 @ Fe8nqv0ysi"" posts a small blind of 1",2025-11-01T06:27:23.209Z,176197844320905
"Player stacks: #2 ""gf110 @ Fe8nqv0ysi"" (508) | #3 ""单吊幺鸡 @ ida-rexKgt"" (295) | #6 ""vzzz @ awUuJQ4Xdy"" (397)",2025-11-01T06:27:23.209Z,176197844320901
"-- starting hand #17 (id: ujfy74w1l58g)  (No Limit Texas Hold'em) (dealer: ""vzzz @ awUuJQ4Xdy"") --",2025-11-01T06:27:23.209Z,176197844320900
"-- ending hand #16 --",2025-11-01T06:27:17.258Z,176197843725802
"""gf110 @ Fe8nqv0ysi"" collected 4 from pot",2025-11-01T06:27:17.258Z,176197843725801
"Uncalled bet of 4 returned to ""gf110 @ Fe8nqv0ysi""",2025-11-01T06:27:17.258Z,176197843725800
"""vzzz @ awUuJQ4Xdy"" folds",2025-11-01T06:27:16.455Z,176197843645500
"""gf110 @ Fe8nqv0ysi"" bets 4",2025-11-01T06:27:04.684Z,176197842468400
"""vzzz @ awUuJQ4Xdy"" checks",2025-11-01T06:27:00.084Z,176197842008400
"Turn: K♠, 4♣, 10♥ [9♣]",2025-11-01T06:26:52.962Z,176197841296200
"""gf110 @ Fe8nqv0ysi"" checks",2025-11-01T06:26:52.146Z,176197841214600
"""vzzz @ awUuJQ4Xdy"" checks",2025-11-01T06:26:49.944Z,176197840994400
"Flop:  [K♠, 4♣, 10♥]",2025-11-01T06:26:47.321Z,176197840732100
"""gf110 @ Fe8nqv0ysi"" checks",2025-11-01T06:26:46.470Z,176197840647000
"""vzzz @ awUuJQ4Xdy"" calls 2",2025-11-01T06:26:43.551Z,176197840355100
"The admin approved the player ""黄笃读 @ CbB4xM29dq"" participation with a stack of 200.",2025-11-01T06:26:28.131Z,176197838813101
"The player ""黄笃读 @ CbB4xM29dq"" requested a seat.",2025-11-01T06:26:28.131Z,176197838813100
"""单吊幺鸡 @ ida-rexKgt"" folds",2025-11-01T06:26:25.993Z,176197838599300
"""gf110 @ Fe8nqv0ysi"" posts a big blind of 2",2025-11-01T06:26:23.361Z,176197838336107
"""vzzz @ awUuJQ4Xdy"" posts a small blind of 1",2025-11-01T06:26:23.361Z,176197838336106
"Player stacks: #2 ""gf110 @ Fe8nqv0ysi"" (506) | #3 ""单吊幺鸡 @ ida-rexKgt"" (295) | #6 ""vzzz @ awUuJQ4Xdy"" (399)",2025-11-01T06:26:23.361Z,176197838336102
"-- starting hand #16 (id: do6bd3gdkcrt)  (No Limit Texas Hold'em) (dealer: ""单吊幺鸡 @ ida-rexKgt"") --",2025-11-01T06:26:23.361Z,176197838336101
"The player ""黄笃读 @ CbB4xM29dq"" quits the game with a stack of 0.",2025-11-01T06:26:23.361Z,176197838336100
"-- ending hand #15 --",2025-11-01T06:26:17.355Z,176197837735501
"""gf110 @ Fe8nqv0ysi"" collected 66 from pot with Two Pair, K's & 7's (combination: K♥, K♠, 7♦, 7♠, J♣)",2025-11-01T06:26:17.355Z,176197837735500
"River: 5♣, 3♣, 7♠, K♠ [J♣]",2025-11-01T06:26:13.344Z,176197837334400
"Turn: 5♣, 3♣, 7♠ [K♠]",2025-11-01T06:26:09.305Z,176197836930500
"""gf110 @ Fe8nqv0ysi"" shows a K♥, 7♦.",2025-11-01T06:26:05.292Z,176197836529201
"""黄笃读 @ CbB4xM29dq"" shows a 5♦, 2♣.",2025-11-01T06:26:05.292Z,176197836529200
"""gf110 @ Fe8nqv0ysi"" calls 29",2025-11-01T06:26:04.423Z,176197836442300
"""黄笃读 @ CbB4xM29dq"" raises to 29 and go all in",2025-11-01T06:26:02.677Z,176197836267700
"""vzzz @ awUuJQ4Xdy"" folds",2025-11-01T06:25:59.496Z,176197835949600
"""单吊幺鸡 @ ida-rexKgt"" folds",2025-11-01T06:25:58.353Z,176197835835300
"""gf110 @ Fe8nqv0ysi"" raises to 20",2025-11-01T06:25:56.584Z,176197835658400
"""黄笃读 @ CbB4xM29dq"" bets 8",2025-11-01T06:25:52.223Z,176197835222300
"""vzzz @ awUuJQ4Xdy"" checks",2025-11-01T06:25:42.447Z,176197834244700
"""单吊幺鸡 @ ida-rexKgt"" checks",2025-11-01T06:25:38.447Z,176197833844700
"Flop:  [5♣, 3♣, 7♠]",2025-11-01T06:25:29.344Z,176197832934400
"""vzzz @ awUuJQ4Xdy"" checks",2025-11-01T06:25:28.480Z,176197832848000
"""单吊幺鸡 @ ida-rexKgt"" calls 2",2025-11-01T06:25:20.792Z,176197832079200
"""gf110 @ Fe8nqv0ysi"" calls 2",2025-11-01T06:25:19.167Z,176197831916700
"""黄笃读 @ CbB4xM29dq"" calls 2",2025-11-01T06:25:17.228Z,176197831722800
"""vzzz @ awUuJQ4Xdy"" posts a big blind of 2",2025-11-01T06:25:14.812Z,176197831481207
"""单吊幺鸡 @ ida-rexKgt"" posts a small blind of 1",2025-11-01T06:25:14.812Z,176197831481206
"Player stacks: #1 ""黄笃读 @ CbB4xM29dq"" (31) | #2 ""gf110 @ Fe8nqv0ysi"" (471) | #3 ""单吊幺鸡 @ ida-rexKgt"" (297) | #6 ""vzzz @ awUuJQ4Xdy"" (401)",2025-11-01T06:25:14.812Z,176197831481201
"-- starting hand #15 (id: 0njpl0acp0sy)  (No Limit Texas Hold'em) (dealer: ""gf110 @ Fe8nqv0ysi"") --",2025-11-01T06:25:14.812Z,176197831481200
"-- ending hand #14 --",2025-11-01T06:25:08.770Z,176197830877002
"""gf110 @ Fe8nqv0ysi"" collected 52 from pot with Two Pair, A's & K's (combination: A♦, A♥, K♦, K♥, 10♠)",2025-11-01T06:25:08.770Z,176197830877001
"""gf110 @ Fe8nqv0ysi"" shows a 2♣, K♦.",2025-11-01T06:25:08.770Z,176197830877000
"""单吊幺鸡 @ ida-rexKgt"" calls 13",2025-11-01T06:25:07.951Z,176197830795100
"""gf110 @ Fe8nqv0ysi"" bets 13",2025-11-01T06:25:05.252Z,176197830525200
"River: K♥, A♦, 10♠, 3♣ [A♥]",2025-11-01T06:24:59.806Z,176197829980600
"""单吊幺鸡 @ ida-rexKgt"" checks",2025-11-01T06:24:58.976Z,176197829897600
"""gf110 @ Fe8nqv0ysi"" checks",2025-11-01T06:24:47.802Z,176197828780200
"Turn: K♥, A♦, 10♠ [3♣]",2025-11-01T06:24:45.657Z,176197828565700
"""gf110 @ Fe8nqv0ysi"" calls 10",2025-11-01T06:24:44.850Z,176197828485000
"""黄笃读 @ CbB4xM29dq"" folds",2025-11-01T06:24:42.906Z,176197828290600
"""单吊幺鸡 @ ida-rexKgt"" bets 10",2025-11-01T06:24:35.091Z,176197827509100
"""gf110 @ Fe8nqv0ysi"" checks",2025-11-01T06:24:25.670Z,176197826567000
"Flop:  [K♥, A♦, 10♠]",2025-11-01T06:24:19.773Z,176197825977300
"""单吊幺鸡 @ ida-rexKgt"" checks",2025-11-01T06:24:18.905Z,176197825890500
"""gf110 @ Fe8nqv0ysi"" calls 2",2025-11-01T06:24:07.932Z,176197824793200
"""黄笃读 @ CbB4xM29dq"" calls 2",2025-11-01T06:24:05.629Z,176197824562900
"""vzzz @ awUuJQ4Xdy"" folds",2025-11-01T06:24:04.530Z,176197824453000
"""单吊幺鸡 @ ida-rexKgt"" posts a big blind of 2",2025-11-01T06:23:55.058Z,176197823505807
"""gf110 @ Fe8nqv0ysi"" posts a small blind of 1",2025-11-01T06:23:55.058Z,176197823505806
"Player stacks: #1 ""黄笃读 @ CbB4xM29dq"" (33) | #2 ""gf110 @ Fe8nqv0ysi"" (444) | #3 ""单吊幺鸡 @ ida-rexKgt"" (322) | #6 ""vzzz @ awUuJQ4Xdy"" (401)",2025-11-01T06:23:55.058Z,176197823505801
"-- starting hand #14 (id: wbcxpbhqqtym)  (No Limit Texas Hold'em) (dealer: ""黄笃读 @ CbB4xM29dq"") --",2025-11-01T06:23:55.058Z,176197823505800
"-- ending hand #13 --",2025-11-01T06:23:49.015Z,176197822901503
"""黄笃读 @ CbB4xM29dq"" shows a 4♥, 7♦.",2025-11-01T06:23:49.015Z,176197822901502
"""单吊幺鸡 @ ida-rexKgt"" collected 322 from pot with Straight, 10 High (combination: 10♦, 9♣, 8♣, 7♥, 6♥)",2025-11-01T06:23:49.015Z,176197822901501
"""单吊幺鸡 @ ida-rexKgt"" shows a 8♣, A♥.",2025-11-01T06:23:49.015Z,176197822901500
"""黄笃读 @ CbB4xM29dq"" calls 81",2025-11-01T06:23:48.163Z,176197822816300
"""单吊幺鸡 @ ida-rexKgt"" bets 81 and go all in",2025-11-01T06:23:47.071Z,176197822707100
"""黄笃读 @ CbB4xM29dq"" checks",2025-11-01T06:23:24.907Z,176197820490700
"River: 10♦, 7♥, 9♣, 4♦ [6♥]",2025-11-01T06:23:05.026Z,176197818502600
"""单吊幺鸡 @ ida-rexKgt"" calls 40",2025-11-01T06:23:04.206Z,176197818420600
"""gf110 @ Fe8nqv0ysi"" folds",2025-11-01T06:22:52.065Z,176197817206500
"""黄笃读 @ CbB4xM29dq"" bets 40",2025-11-01T06:22:43.316Z,176197816331600
"Turn: 10♦, 7♥, 9♣ [4♦]",2025-11-01T06:22:39.838Z,176197815983800
"""vzzz @ awUuJQ4Xdy"" folds",2025-11-01T06:22:39.014Z,176197815901400
"""单吊幺鸡 @ ida-rexKgt"" calls 16",2025-11-01T06:22:37.794Z,176197815779400
"""gf110 @ Fe8nqv0ysi"" calls 16",2025-11-01T06:22:30.095Z,176197815009500
"""黄笃读 @ CbB4xM29dq"" bets 16",2025-11-01T06:22:28.163Z,176197814816300
"Flop:  [10♦, 7♥, 9♣]",2025-11-01T06:22:24.129Z,176197814412900
"""单吊幺鸡 @ ida-rexKgt"" calls 8",2025-11-01T06:22:23.301Z,176197814330100
"""gf110 @ Fe8nqv0ysi"" calls 8",2025-11-01T06:22:16.033Z,176197813603300
"""黄笃读 @ CbB4xM29dq"" calls 8",2025-11-01T06:22:14.231Z,176197813423100
"""vzzz @ awUuJQ4Xdy"" raises to 8",2025-11-01T06:22:11.733Z,176197813173300
"""单吊幺鸡 @ ida-rexKgt"" calls 2",2025-11-01T06:22:05.485Z,176197812548500
"""gf110 @ Fe8nqv0ysi"" posts a big blind of 2",2025-11-01T06:22:01.378Z,176197812137807
"""黄笃读 @ CbB4xM29dq"" posts a small blind of 1",2025-11-01T06:22:01.378Z,176197812137806
"Player stacks: #1 ""黄笃读 @ CbB4xM29dq"" (178) | #2 ""gf110 @ Fe8nqv0ysi"" (468) | #3 ""单吊幺鸡 @ ida-rexKgt"" (145) | #6 ""vzzz @ awUuJQ4Xdy"" (409)",2025-11-01T06:22:01.378Z,176197812137801
"-- starting hand #13 (id: nqp8j52u5jxm)  (No Limit Texas Hold'em) (dealer: ""vzzz @ awUuJQ4Xdy"") --",2025-11-01T06:22:01.378Z,176197812137800
"""黄笃读 @ CbB4xM29dq"" shows a 10♥, 5♣.",2025-11-01T06:21:57.763Z,176197811776300
"""gf110 @ Fe8nqv0ysi"" shows a 9♦, 3♣.",2025-11-01T06:21:55.565Z,176197811556500
"-- ending hand #12 --",2025-11-01T06:21:54.042Z,176197811404202
"""gf110 @ Fe8nqv0ysi"" collected 7 from pot",2025-11-01T06:21:54.042Z,176197811404201
"Uncalled bet of 7 returned to ""gf110 @ Fe8nqv0ysi""",2025-11-01T06:21:54.042Z,176197811404200
"""黄笃读 @ CbB4xM29dq"" folds",2025-11-01T06:21:53.180Z,176197811318000
"""单吊幺鸡 @ ida-rexKgt"" folds",2025-11-01T06:21:52.075Z,176197811207500
"""gf110 @ Fe8nqv0ysi"" bets 7",2025-11-01T06:21:50.654Z,176197811065400
"""黄笃读 @ CbB4xM29dq"" checks",2025-11-01T06:21:46.771Z,176197810677100
"Turn: Q♦, 9♣, 4♥ [6♠]",2025-11-01T06:21:44.911Z,176197810491100
"""单吊幺鸡 @ ida-rexKgt"" checks",2025-11-01T06:21:44.093Z,176197810409300
"""gf110 @ Fe8nqv0ysi"" checks",2025-11-01T06:21:41.947Z,176197810194700
"""黄笃读 @ CbB4xM29dq"" checks",2025-11-01T06:21:40.022Z,176197810002200
"Flop:  [Q♦, 9♣, 4♥]",2025-11-01T06:21:38.030Z,176197809803000
"""黄笃读 @ CbB4xM29dq"" checks",2025-11-01T06:21:37.222Z,176197809722200
"""vzzz @ awUuJQ4Xdy"" folds",2025-11-01T06:21:35.343Z,176197809534300
"""单吊幺鸡 @ ida-rexKgt"" calls 2",2025-11-01T06:21:34.176Z,176197809417600
"""gf110 @ Fe8nqv0ysi"" calls 2",2025-11-01T06:21:31.544Z,176197809154400
"""黄笃读 @ CbB4xM29dq"" posts a big blind of 2",2025-11-01T06:21:29.145Z,176197808914507
"""vzzz @ awUuJQ4Xdy"" posts a small blind of 1",2025-11-01T06:21:29.145Z,176197808914506
"Player stacks: #1 ""黄笃读 @ CbB4xM29dq"" (180) | #2 ""gf110 @ Fe8nqv0ysi"" (463) | #3 ""单吊幺鸡 @ ida-rexKgt"" (147) | #6 ""vzzz @ awUuJQ4Xdy"" (410)",2025-11-01T06:21:29.145Z,176197808914501
"-- starting hand #12 (id: hh4a3j0osonu)  (No Limit Texas Hold'em) (dealer: ""单吊幺鸡 @ ida-rexKgt"") --",2025-11-01T06:21:29.145Z,176197808914500
"-- ending hand #11 --",2025-11-01T06:21:23.193Z,176197808319302
"""gf110 @ Fe8nqv0ysi"" collected 56 from pot",2025-11-01T06:21:23.193Z,176197808319301
"Uncalled bet of 28 returned to ""gf110 @ Fe8nqv0ysi""",2025-11-01T06:21:23.193Z,176197808319300
"""单吊幺鸡 @ ida-rexKgt"" folds",2025-11-01T06:21:22.351Z,176197808235100
"""gf110 @ Fe8nqv0ysi"" raises to 38",2025-11-01T06:21:02.925Z,176197806292500
"""单吊幺鸡 @ ida-rexKgt"" bets 10",2025-11-01T06:20:58.324Z,176197805832400
"Turn: 6♠, 7♦, 8♣ [4♦]",2025-11-01T06:20:43.962Z,176197804396200
"""gf110 @ Fe8nqv0ysi"" calls 10",2025-11-01T06:20:43.155Z,176197804315500
"""单吊幺鸡 @ ida-rexKgt"" bets 10",2025-11-01T06:20:41.103Z,176197804110300
"Flop:  [6♠, 7♦, 8♣]",2025-11-01T06:20:26.856Z,176197802685600
"""vzzz @ awUuJQ4Xdy"" folds",2025-11-01T06:20:26.014Z,176197802601400
"""单吊幺鸡 @ ida-rexKgt"" calls 7",2025-11-01T06:20:00.377Z,176197800037700
"""gf110 @ Fe8nqv0ysi"" raises to 7",2025-11-01T06:19:57.134Z,176197799713400
"""黄笃读 @ CbB4xM29dq"" folds",2025-11-01T06:19:53.364Z,176197799336400
"""vzzz @ awUuJQ4Xdy"" posts a big blind of 2",2025-11-01T06:19:51.640Z,176197799164007
"""单吊幺鸡 @ ida-rexKgt"" posts a small blind of 1",2025-11-01T06:19:51.640Z,176197799164006
"Player stacks: #1 ""黄笃读 @ CbB4xM29dq"" (180) | #2 ""gf110 @ Fe8nqv0ysi"" (434) | #3 ""单吊幺鸡 @ ida-rexKgt"" (174) | #6 ""vzzz @ awUuJQ4Xdy"" (412)",2025-11-01T06:19:51.640Z,176197799164001
"-- starting hand #11 (id: fkry9hdexqe8)  (No Limit Texas Hold'em) (dealer: ""gf110 @ Fe8nqv0ysi"") --",2025-11-01T06:19:51.640Z,176197799164000
"-- ending hand #10 --",2025-11-01T06:19:48.715Z,176197798871502
"""黄笃读 @ CbB4xM29dq"" collected 26 from pot",2025-11-01T06:19:48.715Z,176197798871501
"Uncalled bet of 13 returned to ""黄笃读 @ CbB4xM29dq""",2025-11-01T06:19:48.715Z,176197798871500
"""单吊幺鸡 @ ida-rexKgt"" folds",2025-11-01T06:19:47.861Z,176197798786100
"""黄笃读 @ CbB4xM29dq"" bets 13",2025-11-01T06:19:44.242Z,176197798424200
"""单吊幺鸡 @ ida-rexKgt"" checks",2025-11-01T06:19:39.627Z,176197797962700
"River: 2♦, A♣, K♣, J♦ [5♠]",2025-11-01T06:19:36.711Z,176197797671100
"""黄笃读 @ CbB4xM29dq"" checks",2025-11-01T06:19:35.867Z,176197797586700
"""单吊幺鸡 @ ida-rexKgt"" checks",2025-11-01T06:19:34.234Z,176197797423400
"Turn: 2♦, A♣, K♣ [J♦]",2025-11-01T06:19:29.829Z,176197796982900
"""gf110 @ Fe8nqv0ysi"" folds",2025-11-01T06:19:29.014Z,176197796901400
"""黄笃读 @ CbB4xM29dq"" calls 10",2025-11-01T06:19:26.519Z,176197796651900
"""单吊幺鸡 @ ida-rexKgt"" bets 10",2025-11-01T06:19:24.455Z,176197796445500
"""gf110 @ Fe8nqv0ysi"" checks",2025-11-01T06:19:14.418Z,176197795441800
"Flop:  [2♦, A♣, K♣]",2025-11-01T06:19:11.286Z,176197795128600
"""单吊幺鸡 @ ida-rexKgt"" checks",2025-11-01T06:19:10.458Z,176197795045800
"""gf110 @ Fe8nqv0ysi"" calls 2",2025-11-01T06:19:06.422Z,176197794642200
"""黄笃读 @ CbB4xM29dq"" calls 2",2025-11-01T06:18:53.884Z,176197793388400
"""vzzz @ awUuJQ4Xdy"" folds",2025-11-01T06:18:52.819Z,176197793281900
"""单吊幺鸡 @ ida-rexKgt"" posts a big blind of 2",2025-11-01T06:18:49.241Z,176197792924107
"""gf110 @ Fe8nqv0ysi"" posts a small blind of 1",2025-11-01T06:18:49.241Z,176197792924106
"Player stacks: #1 ""黄笃读 @ CbB4xM29dq"" (166) | #2 ""gf110 @ Fe8nqv0ysi"" (436) | #3 ""单吊幺鸡 @ ida-rexKgt"" (186) | #6 ""vzzz @ awUuJQ4Xdy"" (412)",2025-11-01T06:18:49.241Z,176197792924101
"-- starting hand #10 (id: bbgoerqiuhcq)  (No Limit Texas Hold'em) (dealer: ""黄笃读 @ CbB4xM29dq"") --",2025-11-01T06:18:49.241Z,176197792924100
"-- ending hand #9 --",2025-11-01T06:18:43.298Z,176197792329802
"""vzzz @ awUuJQ4Xdy"" collected 32 from pot",2025-11-01T06:18:43.298Z,176197792329801
"Uncalled bet of 16 returned to ""vzzz @ awUuJQ4Xdy""",2025-11-01T06:18:43.298Z,176197792329800
"""单吊幺鸡 @ ida-rexKgt"" folds",2025-11-01T06:18:42.480Z,176197792248000
"""gf110 @ Fe8nqv0ysi"" folds",2025-11-01T06:18:40.321Z,176197792032100
"""黄笃读 @ CbB4xM29dq"" folds",2025-11-01T06:18:38.277Z,176197791827700
"""vzzz @ awUuJQ4Xdy"" bets 16",2025-11-01T06:18:36.800Z,176197791680000
"""单吊幺鸡 @ ida-rexKgt"" checks",2025-11-01T06:18:16.196Z,176197789619600
"""gf110 @ Fe8nqv0ysi"" checks",2025-11-01T06:18:13.633Z,176197789363300
"""黄笃读 @ CbB4xM29dq"" checks",2025-11-01T06:18:12.091Z,176197789209100
"Flop:  [5♦, 3♥, J♦]",2025-11-01T06:18:09.005Z,176197788900500
"""单吊幺鸡 @ ida-rexKgt"" calls 8",2025-11-01T06:18:08.118Z,176197788811800
"""gf110 @ Fe8nqv0ysi"" calls 8",2025-11-01T06:18:06.671Z,176197788667100
"""黄笃读 @ CbB4xM29dq"" calls 8",2025-11-01T06:18:04.298Z,176197788429800
"""vzzz @ awUuJQ4Xdy"" raises to 8",2025-11-01T06:18:01.624Z,176197788162400
"""单吊幺鸡 @ ida-rexKgt"" calls 2",2025-11-01T06:17:56.160Z,176197787616000
"""gf110 @ Fe8nqv0ysi"" posts a big blind of 2",2025-11-01T06:17:52.430Z,176197787243007
"""黄笃读 @ CbB4xM29dq"" posts a small blind of 1",2025-11-01T06:17:52.430Z,176197787243006
"Player stacks: #1 ""黄笃读 @ CbB4xM29dq"" (174) | #2 ""gf110 @ Fe8nqv0ysi"" (444) | #3 ""单吊幺鸡 @ ida-rexKgt"" (194) | #6 ""vzzz @ awUuJQ4Xdy"" (388)",2025-11-01T06:17:52.430Z,176197787243001
"-- starting hand #9 (id: lqwnjcgfny64)  (No Limit Texas Hold'em) (dealer: ""vzzz @ awUuJQ4Xdy"") --",2025-11-01T06:17:52.430Z,176197787243000
"-- ending hand #8 --",2025-11-01T06:17:46.421Z,176197786642103
"""gf110 @ Fe8nqv0ysi"" collected 18 from pot with Pair, 4's (combination: 4♣, 4♠, A♠, J♣, 8♣)",2025-11-01T06:17:46.421Z,176197786642102
"""gf110 @ Fe8nqv0ysi"" shows a 3♦, 4♣.",2025-11-01T06:17:46.421Z,176197786642101
"""黄笃读 @ CbB4xM29dq"" shows a 10♣, 5♦.",2025-11-01T06:17:46.421Z,176197786642100
"""gf110 @ Fe8nqv0ysi"" checks",2025-11-01T06:17:45.581Z,176197786558100
"""黄笃读 @ CbB4xM29dq"" checks",2025-11-01T06:17:43.851Z,176197786385100
"River: 4♠, 8♣, 6♣, A♠ [J♣]",2025-11-01T06:17:39.214Z,176197785921400
"""gf110 @ Fe8nqv0ysi"" checks",2025-11-01T06:17:38.344Z,176197785834400
"""黄笃读 @ CbB4xM29dq"" checks",2025-11-01T06:17:33.229Z,176197785322900
"Turn: 4♠, 8♣, 6♣ [A♠]",2025-11-01T06:17:31.257Z,176197785125700
"""黄笃读 @ CbB4xM29dq"" calls 6",2025-11-01T06:17:30.452Z,176197785045200
"""vzzz @ awUuJQ4Xdy"" folds",2025-11-01T06:17:28.719Z,176197784871900
"""gf110 @ Fe8nqv0ysi"" bets 6",2025-11-01T06:17:22.156Z,176197784215600
"""黄笃读 @ CbB4xM29dq"" checks",2025-11-01T06:17:12.480Z,176197783248000
"""vzzz @ awUuJQ4Xdy"" checks",2025-11-01T06:17:11.390Z,176197783139000
"Flop:  [4♠, 8♣, 6♣]",2025-11-01T06:17:06.174Z,176197782617400
"""黄笃读 @ CbB4xM29dq"" checks",2025-11-01T06:17:05.360Z,176197782536000
"""vzzz @ awUuJQ4Xdy"" calls 2",2025-11-01T06:17:03.875Z,176197782387500
"""单吊幺鸡 @ ida-rexKgt"" folds",2025-11-01T06:16:56.576Z,176197781657600
"""gf110 @ Fe8nqv0ysi"" calls 2",2025-11-01T06:16:54.925Z,176197781492500
"""黄笃读 @ CbB4xM29dq"" posts a big blind of 2",2025-11-01T06:16:47.428Z,176197780742807
"""vzzz @ awUuJQ4Xdy"" posts a small blind of 1",2025-11-01T06:16:47.428Z,176197780742806
"Player stacks: #1 ""黄笃读 @ CbB4xM29dq"" (182) | #2 ""gf110 @ Fe8nqv0ysi"" (434) | #3 ""单吊幺鸡 @ ida-rexKgt"" (194) | #6 ""vzzz @ awUuJQ4Xdy"" (390)",2025-11-01T06:16:47.428Z,176197780742801
"-- starting hand #8 (id: trgzxrmhout6)  (No Limit Texas Hold'em) (dealer: ""单吊幺鸡 @ ida-rexKgt"") --",2025-11-01T06:16:47.428Z,176197780742800
"-- ending hand #7 --",2025-11-01T06:16:41.407Z,176197780140703
"""gf110 @ Fe8nqv0ysi"" collected 48 from pot with Two Pair, A's & 2's (combination: A♠, A♦, 2♠, 2♥, J♦)",2025-11-01T06:16:41.407Z,176197780140702
"""gf110 @ Fe8nqv0ysi"" shows a A♠, 5♥.",2025-11-01T06:16:41.407Z,176197780140701
"""黄笃读 @ CbB4xM29dq"" shows a J♠, 3♦.",2025-11-01T06:16:41.407Z,176197780140700
"""gf110 @ Fe8nqv0ysi"" calls 12",2025-11-01T06:16:40.554Z,176197780055400
"""黄笃读 @ CbB4xM29dq"" bets 12",2025-11-01T06:16:38.434Z,176197779843400
"River: A♦, 2♠, J♦, 2♥ [9♦]",2025-11-01T06:16:32.018Z,176197779201800
"""gf110 @ Fe8nqv0ysi"" checks",2025-11-01T06:16:31.211Z,176197779121100
"""黄笃读 @ CbB4xM29dq"" checks",2025-11-01T06:16:27.531Z,176197778753100
"Turn: A♦, 2♠, J♦ [2♥]",2025-11-01T06:16:24.784Z,176197778478400
"""黄笃读 @ CbB4xM29dq"" calls 8",2025-11-01T06:16:23.944Z,176197778394400
"""vzzz @ awUuJQ4Xdy"" folds",2025-11-01T06:16:21.538Z,176197778153800
"""单吊幺鸡 @ ida-rexKgt"" folds",2025-11-01T06:16:19.238Z,176197777923800
"""gf110 @ Fe8nqv0ysi"" bets 8",2025-11-01T06:16:13.649Z,176197777364900
"""黄笃读 @ CbB4xM29dq"" checks",2025-11-01T06:16:09.650Z,176197776965000
"""vzzz @ awUuJQ4Xdy"" checks",2025-11-01T06:16:05.630Z,176197776563000
"""单吊幺鸡 @ ida-rexKgt"" checks",2025-11-01T06:15:53.013Z,176197775301300
"Flop:  [A♦, 2♠, J♦]",2025-11-01T06:15:47.669Z,176197774766900
"""vzzz @ awUuJQ4Xdy"" checks",2025-11-01T06:15:46.815Z,176197774681500
"""单吊幺鸡 @ ida-rexKgt"" calls 2",2025-11-01T06:15:30.937Z,176197773093700
"""gf110 @ Fe8nqv0ysi"" calls 2",2025-11-01T06:15:27.508Z,176197772750800
"""黄笃读 @ CbB4xM29dq"" calls 2",2025-11-01T06:15:25.182Z,176197772518200
"""vzzz @ awUuJQ4Xdy"" posts a big blind of 2",2025-11-01T06:15:21.551Z,176197772155107
"""单吊幺鸡 @ ida-rexKgt"" posts a small blind of 1",2025-11-01T06:15:21.551Z,176197772155106
"Player stacks: #1 ""黄笃读 @ CbB4xM29dq"" (204) | #2 ""gf110 @ Fe8nqv0ysi"" (408) | #3 ""单吊幺鸡 @ ida-rexKgt"" (196) | #6 ""vzzz @ awUuJQ4Xdy"" (392)",2025-11-01T06:15:21.551Z,176197772155101
"-- starting hand #7 (id: mepgq2oscrua)  (No Limit Texas Hold'em) (dealer: ""gf110 @ Fe8nqv0ysi"") --",2025-11-01T06:15:21.551Z,176197772155100
"""黄笃读 @ CbB4xM29dq"" shows a 9♠, 3♦.",2025-11-01T06:15:16.144Z,176197771614400
"""单吊幺鸡 @ ida-rexKgt"" shows a 4♠, 2♥.",2025-11-01T06:15:15.562Z,176197771556200
"-- ending hand #6 --",2025-11-01T06:15:14.243Z,176197771424302
"""gf110 @ Fe8nqv0ysi"" collected 4 from pot",2025-11-01T06:15:14.243Z,176197771424301
"Uncalled bet of 4 returned to ""gf110 @ Fe8nqv0ysi""",2025-11-01T06:15:14.243Z,176197771424300
"""单吊幺鸡 @ ida-rexKgt"" folds",2025-11-01T06:15:13.429Z,176197771342900
"""gf110 @ Fe8nqv0ysi"" raises to 6",2025-11-01T06:15:08.672Z,176197770867200
"""黄笃读 @ CbB4xM29dq"" folds",2025-11-01T06:15:05.697Z,176197770569700
"""vzzz @ awUuJQ4Xdy"" folds",2025-11-01T06:15:04.190Z,176197770419000
"""单吊幺鸡 @ ida-rexKgt"" posts a big blind of 2",2025-11-01T06:14:56.504Z,176197769650407
"""gf110 @ Fe8nqv0ysi"" posts a small blind of 1",2025-11-01T06:14:56.504Z,176197769650406
"Player stacks: #1 ""黄笃读 @ CbB4xM29dq"" (204) | #2 ""gf110 @ Fe8nqv0ysi"" (406) | #3 ""单吊幺鸡 @ ida-rexKgt"" (198) | #6 ""vzzz @ awUuJQ4Xdy"" (392)",2025-11-01T06:14:56.504Z,176197769650401
"-- starting hand #6 (id: db5hwqyvhqo1)  (No Limit Texas Hold'em) (dealer: ""黄笃读 @ CbB4xM29dq"") --",2025-11-01T06:14:56.504Z,176197769650400
"""单吊幺鸡 @ ida-rexKgt"" shows a 5♣, 3♠.",2025-11-01T06:14:53.264Z,176197769326400
"-- ending hand #5 --",2025-11-01T06:14:49.899Z,176197768989902
"""vzzz @ awUuJQ4Xdy"" collected 7 from pot",2025-11-01T06:14:49.899Z,176197768989901
"Uncalled bet of 6 returned to ""vzzz @ awUuJQ4Xdy""",2025-11-01T06:14:49.899Z,176197768989900
"""单吊幺鸡 @ ida-rexKgt"" folds",2025-11-01T06:14:49.029Z,176197768902900
"""gf110 @ Fe8nqv0ysi"" folds",2025-11-01T06:14:39.028Z,176197767902800
"""黄笃读 @ CbB4xM29dq"" folds",2025-11-01T06:14:36.813Z,176197767681300
"""vzzz @ awUuJQ4Xdy"" raises to 8",2025-11-01T06:14:35.702Z,176197767570200
"""单吊幺鸡 @ ida-rexKgt"" calls 2",2025-11-01T06:14:30.543Z,176197767054300
"""gf110 @ Fe8nqv0ysi"" posts a big blind of 2",2025-11-01T06:14:26.449Z,176197766644907
"""黄笃读 @ CbB4xM29dq"" posts a small blind of 1",2025-11-01T06:14:26.449Z,176197766644906
"Player stacks: #1 ""黄笃读 @ CbB4xM29dq"" (205) | #2 ""gf110 @ Fe8nqv0ysi"" (408) | #3 ""单吊幺鸡 @ ida-rexKgt"" (200) | #6 ""vzzz @ awUuJQ4Xdy"" (387)",2025-11-01T06:14:26.449Z,176197766644901
"-- starting hand #5 (id: zyvwukagytfm)  (No Limit Texas Hold'em) (dealer: ""vzzz @ awUuJQ4Xdy"") --",2025-11-01T06:14:26.449Z,176197766644900
"-- ending hand #4 --",2025-11-01T06:14:20.440Z,176197766044002
"""黄笃读 @ CbB4xM29dq"" collected 15 from pot with Two Pair, 10's & 3's (combination: 10♣, 10♠, 3♣, 3♠, A♣)",2025-11-01T06:14:20.440Z,176197766044001
"""黄笃读 @ CbB4xM29dq"" shows a J♦, 10♣.",2025-11-01T06:14:20.440Z,176197766044000
"""gf110 @ Fe8nqv0ysi"" checks",2025-11-01T06:14:19.635Z,176197765963500
"""黄笃读 @ CbB4xM29dq"" checks",2025-11-01T06:14:18.165Z,176197765816500
"River: 3♣, A♣, 10♠, 3♠ [9♠]",2025-11-01T06:14:14.679Z,176197765467900
"""gf110 @ Fe8nqv0ysi"" checks",2025-11-01T06:14:13.856Z,176197765385600
"""黄笃读 @ CbB4xM29dq"" checks",2025-11-01T06:14:11.331Z,176197765133100
"Turn: 3♣, A♣, 10♠ [3♠]",2025-11-01T06:14:08.999Z,176197764899900
"""黄笃读 @ CbB4xM29dq"" calls 5",2025-11-01T06:14:08.191Z,176197764819100
"""gf110 @ Fe8nqv0ysi"" bets 5",2025-11-01T06:13:58.359Z,176197763835900
"""黄笃读 @ CbB4xM29dq"" checks",2025-11-01T06:13:51.101Z,176197763110100
"Flop:  [3♣, A♣, 10♠]",2025-11-01T06:13:42.016Z,176197762201600
"""黄笃读 @ CbB4xM29dq"" checks",2025-11-01T06:13:41.198Z,176197762119800
"""vzzz @ awUuJQ4Xdy"" folds",2025-11-01T06:13:34.675Z,176197761467500
"""单吊幺鸡 @ ida-rexKgt"" folds",2025-11-01T06:13:32.961Z,176197761296100
"""gf110 @ Fe8nqv0ysi"" calls 2",2025-11-01T06:13:25.302Z,176197760530200
"""黄笃读 @ CbB4xM29dq"" posts a big blind of 2",2025-11-01T06:13:22.975Z,176197760297507
"""vzzz @ awUuJQ4Xdy"" posts a small blind of 1",2025-11-01T06:13:22.975Z,176197760297506
"Player stacks: #1 ""黄笃读 @ CbB4xM29dq"" (197) | #2 ""gf110 @ Fe8nqv0ysi"" (415) | #3 ""单吊幺鸡 @ ida-rexKgt"" (200) | #6 ""vzzz @ awUuJQ4Xdy"" (388)",2025-11-01T06:13:22.975Z,176197760297501
"-- starting hand #4 (id: kzgar9snamf6)  (No Limit Texas Hold'em) (dealer: ""单吊幺鸡 @ ida-rexKgt"") --",2025-11-01T06:13:22.975Z,176197760297500
"-- ending hand #3 --",2025-11-01T06:13:17.058Z,176197759705802
"""gf110 @ Fe8nqv0ysi"" collected 33 from pot",2025-11-01T06:13:17.058Z,176197759705801
"Uncalled bet of 16 returned to ""gf110 @ Fe8nqv0ysi""",2025-11-01T06:13:17.058Z,176197759705800
"""vzzz @ awUuJQ4Xdy"" folds",2025-11-01T06:13:16.224Z,176197759622400
"""gf110 @ Fe8nqv0ysi"" bets 16",2025-11-01T06:13:08.009Z,176197758800900
"""vzzz @ awUuJQ4Xdy"" checks",2025-11-01T06:13:04.825Z,176197758482500
"Turn: 7♠, A♣, J♠ [4♣]",2025-11-01T06:13:01.214Z,176197758121400
"""vzzz @ awUuJQ4Xdy"" calls 8",2025-11-01T06:13:00.409Z,176197758040900
"""gf110 @ Fe8nqv0ysi"" bets 8",2025-11-01T06:12:55.374Z,176197757537400
"""vzzz @ awUuJQ4Xdy"" checks",2025-11-01T06:12:51.645Z,176197757164500
"Flop:  [7♠, A♣, J♠]",2025-11-01T06:12:46.745Z,176197756674500
"""黄笃读 @ CbB4xM29dq"" folds",2025-11-01T06:12:45.930Z,176197756593000
"""vzzz @ awUuJQ4Xdy"" calls 7",2025-11-01T06:12:44.408Z,176197756440800
"""单吊幺鸡 @ ida-rexKgt"" folds",2025-11-01T06:12:29.684Z,176197754968400
"""gf110 @ Fe8nqv0ysi"" raises to 7",2025-11-01T06:12:26.761Z,176197754676100
"""黄笃读 @ CbB4xM29dq"" calls 2",2025-11-01T06:12:22.555Z,176197754255500
"""vzzz @ awUuJQ4Xdy"" posts a big blind of 2",2025-11-01T06:12:20.494Z,176197754049407
"""单吊幺鸡 @ ida-rexKgt"" posts a small blind of 1",2025-11-01T06:12:20.494Z,176197754049406
"Player stacks: #1 ""黄笃读 @ CbB4xM29dq"" (199) | #2 ""gf110 @ Fe8nqv0ysi"" (397) | #3 ""单吊幺鸡 @ ida-rexKgt"" (201) | #6 ""vzzz @ awUuJQ4Xdy"" (403)",2025-11-01T06:12:20.494Z,176197754049401
"-- starting hand #3 (id: lb1opdeklmcx)  (No Limit Texas Hold'em) (dealer: ""gf110 @ Fe8nqv0ysi"") --",2025-11-01T06:12:20.494Z,176197754049400
"-- ending hand #2 --",2025-11-01T06:12:14.576Z,176197753457602
"""vzzz @ awUuJQ4Xdy"" collected 5 from pot",2025-11-01T06:12:14.576Z,176197753457601
"Uncalled bet of 4 returned to ""vzzz @ awUuJQ4Xdy""",2025-11-01T06:12:14.576Z,176197753457600
"""单吊幺鸡 @ ida-rexKgt"" folds",2025-11-01T06:12:13.738Z,176197753373800
"""gf110 @ Fe8nqv0ysi"" folds",2025-11-01T06:12:08.086Z,176197752808600
"""黄笃读 @ CbB4xM29dq"" folds",2025-11-01T06:12:06.920Z,176197752692000
"""vzzz @ awUuJQ4Xdy"" raises to 6",2025-11-01T06:11:52.508Z,176197751250800
"""单吊幺鸡 @ ida-rexKgt"" posts a big blind of 2",2025-11-01T06:11:45.223Z,176197750522307
"""gf110 @ Fe8nqv0ysi"" posts a small blind of 1",2025-11-01T06:11:45.223Z,176197750522306
"Player stacks: #1 ""黄笃读 @ CbB4xM29dq"" (199) | #2 ""gf110 @ Fe8nqv0ysi"" (398) | #3 ""单吊幺鸡 @ ida-rexKgt"" (203) | #6 ""vzzz @ awUuJQ4Xdy"" (400)",2025-11-01T06:11:45.223Z,176197750522301
"-- starting hand #2 (id: dnwkrghwqbda)  (No Limit Texas Hold'em) (dealer: ""黄笃读 @ CbB4xM29dq"") --",2025-11-01T06:11:45.223Z,176197750522300
"-- ending hand #1 --",2025-11-01T06:11:39.265Z,176197749926502
"""单吊幺鸡 @ ida-rexKgt"" collected 5 from pot",2025-11-01T06:11:39.265Z,176197749926501
"Uncalled bet of 10 returned to ""单吊幺鸡 @ ida-rexKgt""",2025-11-01T06:11:39.265Z,176197749926500
"""gf110 @ Fe8nqv0ysi"" folds",2025-11-01T06:11:38.449Z,176197749844900
"""单吊幺鸡 @ ida-rexKgt"" bets 10",2025-11-01T06:11:36.995Z,176197749699500
"""gf110 @ Fe8nqv0ysi"" checks",2025-11-01T06:11:30.361Z,176197749036100
"Flop:  [4♣, 9♠, K♣]",2025-11-01T06:11:26.979Z,176197748697900
"""gf110 @ Fe8nqv0ysi"" checks",2025-11-01T06:11:26.131Z,176197748613100
"""黄笃读 @ CbB4xM29dq"" folds",2025-11-01T06:11:23.229Z,176197748322900
"""vzzz @ awUuJQ4Xdy"" folds",2025-11-01T06:11:22.104Z,176197748210400
"""单吊幺鸡 @ ida-rexKgt"" calls 2",2025-11-01T06:11:20.881Z,176197748088100
"""gf110 @ Fe8nqv0ysi"" posts a big blind of 2",2025-11-01T06:11:14.341Z,176197747434111
"""黄笃读 @ CbB4xM29dq"" posts a small blind of 1",2025-11-01T06:11:14.341Z,176197747434110
"Player stacks: #1 ""黄笃读 @ CbB4xM29dq"" (200) | #2 ""gf110 @ Fe8nqv0ysi"" (400) | #3 ""单吊幺鸡 @ ida-rexKgt"" (200) | #6 ""vzzz @ awUuJQ4Xdy"" (400)",2025-11-01T06:11:14.341Z,176197747434105
"The player ""vzzz @ awUuJQ4Xdy"" joined the game with a stack of 400.",2025-11-01T06:11:14.341Z,176197747434104
"The player ""单吊幺鸡 @ ida-rexKgt"" joined the game with a stack of 200.",2025-11-01T06:11:14.341Z,176197747434103
"The player ""gf110 @ Fe8nqv0ysi"" joined the game with a stack of 400.",2025-11-01T06:11:14.341Z,176197747434102
"The player ""黄笃读 @ CbB4xM29dq"" joined the game with a stack of 200.",2025-11-01T06:11:14.341Z,176197747434101
"-- starting hand #1 (id: 9iblhig9owih)  (No Limit Texas Hold'em) (dealer: ""vzzz @ awUuJQ4Xdy"") --",2025-11-01T06:11:14.341Z,176197747434100
"The admin approved the player ""gf110 @ Fe8nqv0ysi"" participation with a stack of 400.",2025-11-01T06:11:04.785Z,176197746478500
"The player ""gf110 @ Fe8nqv0ysi"" requested a seat.",2025-11-01T06:10:41.965Z,176197744196500
"The admin approved the player ""vzzz @ awUuJQ4Xdy"" participation with a stack of 400.",2025-11-01T06:10:28.413Z,176197742841300
"The admin approved the player ""单吊幺鸡 @ ida-rexKgt"" participation with a stack of 200.",2025-11-01T06:10:25.958Z,176197742595800
"The player ""vzzz @ awUuJQ4Xdy"" requested a seat.",2025-11-01T06:09:37.436Z,176197737743600
"The player ""单吊幺鸡 @ ida-rexKgt"" requested a seat.",2025-11-01T06:09:20.078Z,176197736007800
"The game's ante was changed from 0 to 0.",2025-11-01T06:07:29.475Z,176197724947502
"The game's big blind was changed from 20 to 2.",2025-11-01T06:07:29.475Z,176197724947501
"The game's small blind was changed from 10 to 1.",2025-11-01T06:07:29.475Z,176197724947500
"The admin approved the player ""黄笃读 @ CbB4xM29dq"" participation with a stack of 200.",2025-11-01T06:07:09.545Z,176197722954501
"The player ""黄笃读 @ CbB4xM29dq"" requested a seat.",2025-11-01T06:07:09.545Z,176197722954500
